"""Date/Time""","""Year""","""Month""","""Day""","""Data Quality""","""Max Temp (°C)""","""Max Temp Flag""","""Min Temp (°C)""","""Min Temp Flag""","""Mean Temp (°C)""","""Mean Temp Flag""","""Heat Deg Days (°C)""","""Heat Deg Days Flag""","""Cool Deg Days (°C)""","""Cool Deg Days Flag""","""Total Rain (mm)""","""Total Rain Flag""","""Total Snow (cm)""","""Total Snow Flag""","""Total Precip (mm)""","""Total Precip Flag""","""Snow on Grnd (cm)""","""Snow on Grnd Flag""","""Dir of Max Gust (10s deg)""","""Dir of Max Gust Flag""","""Spd of Max Gust (km/h)""","""Spd of Max Gust Flag"""
"""2014-01-01""","""2014""","""01""","""01""","""†""","""6.5""","""""","""3.2""","""""","""4.9""","""""","""13.1""","""""","""0.0""","""""","""""","""M""","""""","""M""","""0.2""","""""","""""","""""","""""","""""","""<31""",""""""
"""2014-01-02""","""2014""","""01""","""02""","""†""","""7.7""","""""","""5.3""","""""","""6.5""","""""","""11.5""","""""","""0.0""","""""","""""","""M""","""""","""M""","""11.6""","""""","""""","""""","""28""","""""","""59""",""""""
"""2014-01-03""","""2014""","""01""","""03""","""†""","""7.5""","""""","""1.1""","""""","""4.3""","""""","""13.7""","""""","""0.0""","""""","""""","""M""","""""","""M""","""0.4""","""""","""""","""""","""29""","""""","""61""",""""""
"""2014-01-04""","""2014""","""01""","""04""","""†""","""5.7""","""""","""-2.0""","""""","""1.9""","""""","""16.1""","""""","""0.0""","""""","""""","""M""","""""","""M""","""0.0""","""""","""""","""""","""""","""""","""<31""",""""""
"""2014-01-05""","""2014""","""01""","""05""","""†""","""5.4""","""""","""-3.2""","""""","""1.1""","""""","""16.9""","""""","""0.0""","""""","""""","""M""","""""","""M""","""0.0""","""""","""""","""""","""""","""""","""<31""",""""""
"""2014-01-06""","""2014""","""01""","""06""","""†""","""4.0""","""""","""-3.5""","""""","""0.3""","""""","""17.7""","""""","""0.0""","""""","""""","""M""","""""","""M""","""0.0""","""""","""""","""""","""""","""""","""<31""",""""""
"""2014-01-07""","""2014""","""01""","""07""","""†""","""6.7""","""""","""1.7""","""""","""4.2""","""""","""13.8""","""""","""0.0""","""""","""""","""M""","""""","""M""","""10.5""","""""","""""","""""","""""","""""","""<31""",""""""
"""2014-01-08""","""2014""","""01""","""08""","""†""","""7.9""","""""","""6.1""","""""","""7.0""","""""","""11.0""","""""","""0.0""","""""","""""","""M""","""""","""M""","""""","""M""","""""","""""","""""","""""","""<31""",""""""
"""2014-01-09""","""2014""","""01""","""09""","""†""","""""","""M""","""4.0""","""E""","""""","""M""","""""","""M""","""""","""M""","""""","""M""","""""","""M""","""""","""M""","""""","""""","""""","""""","""<31""",""""""
"""2014-01-10""","""2014""","""01""","""10""","""†""","""8.3""","""""","""3.2""","""""","""5.8""","""""","""12.2""","""""","""0.0""","""""","""""","""M""","""""","""M""","""17.9""","""""","""""","""""","""7""","""""","""39""",""""""
"""2014-01-11""","""2014""","""01""","""11""","""†""","""9.5""","""""","""5.0""","""""","""7.3""","""""","""10.7""","""""","""0.0""","""""","""""","""M""","""""","""M""","""36.7""","""""","""""","""""","""27""","""""","""57""",""""""
"""2014-01-12""","""2014""","""01""","""12""","""†""","""6.8""","""""","""3.1""","""""","""5.0""","""""","""13.0""","""""","""0.0""","""""","""""","""M""","""""","""M""","""6.8""","""""","""""","""""","""27""","""""","""59""",""""""
"""2014-01-13""","""2014""","""01""","""13""","""†""","""12.1""","""""","""2.7""","""""","""7.4""","""""","""10.6""","""""","""0.0""","""""","""""","""M""","""""","""M""","""0.0""","""""","""""","""""","""""","""""","""<31""",""""""
"""2014-01-14""","""2014""","""01""","""14""","""†""","""10.0""","""""","""5.6""","""""","""7.8""","""""","""10.2""","""""","""0.0""","""""","""""","""M""","""""","""M""","""0.0""","""""","""""","""""","""""","""""","""<31""",""""""
"""2014-01-15""","""2014""","""01""","""15""","""†""","""8.7""","""""","""3.9""","""""","""6.3""","""""","""11.7""","""""","""0.0""","""""","""""","""M""","""""","""M""","""0.0""","""""","""""","""""","""""","""""","""<31""",""""""
"""2014-01-16""","""2014""","""01""","""16""","""†""","""7.3""","""""","""-0.1""","""""","""3.6""","""""","""14.4""","""""","""0.0""","""""","""""","""M""","""""","""M""","""0.0""","""""","""""","""""","""""","""""","""<31""",""""""
"""2014-01-17""","""2014""","""01""","""17""","""†""","""5.8""","""""","""3.7""","""""","""4.8""","""""","""13.2""","""""","""0.0""","""""","""""","""M""","""""","""M""","""0.0""","""""","""""","""""","""""","""""","""<31""",""""""
"""2014-01-18""","""2014""","""01""","""18""","""†""","""5.4""","""""","""1.6""","""""","""3.5""","""""","""14.5""","""""","""0.0""","""""","""""","""M""","""""","""M""","""0.0""","""""","""""","""""","""""","""""","""<31""",""""""
"""2014-01-19""","""2014""","""01""","""19""","""†""","""7.1""","""""","""0.7""","""""","""3.9""","""""","""14.1""","""""","""0.0""","""""","""""","""M""","""""","""M""","""0.0""","""""","""""","""""","""""","""""","""<31""",""""""
"""2014-01-20""","""2014""","""01""","""20""","""†""","""6.5""","""""","""0.2""","""""","""3.4""","""""","""14.6""","""""","""0.0""","""""","""""","""M""","""""","""M""","""0.0""","""""","""""","""""","""""","""""","""<31""",""""""
"""2014-01-21""","""2014""","""01""","""21""","""†""","""7.2""","""""","""-0.9""","""""","""3.2""","""""","""14.8""","""""","""0.0""","""""","""""","""M""","""""","""M""","""0.0""","""""","""""","""""","""""","""""","""<31""",""""""
"""2014-01-22""","""2014""","""01""","""22""","""†""","""7.8""","""""","""1.8""","""""","""4.8""","""""","""13.2""","""""","""0.0""","""""","""""","""M""","""""","""M""","""0.0""","""""","""""","""""","""""","""""","""<31""",""""""
"""2014-01-23""","""2014""","""01""","""23""","""†""","""6.3""","""""","""-1.2""","""""","""2.6""","""""","""15.4""","""""","""0.0""","""""","""""","""M""","""""","""M""","""0.0""","""""","""""","""""","""""","""""","""<31""",""""""
"""2014-01-24""","""2014""","""01""","""24""","""†""","""5.3""","""""","""2.2""","""""","""3.8""","""""","""14.2""","""""","""0.0""","""""","""""","""M""","""""","""M""","""0.0""","""""","""""","""""","""""","""""","""<31""",""""""
"""2014-01-25""","""2014""","""01""","""25""","""†""","""10.4""","""""","""0.0""","""""","""5.2""","""""","""12.8""","""""","""0.0""","""""","""""","""M""","""""","""M""","""0.0""","""""","""""","""""","""""","""""","""<31""",""""""
"""2014-01-26""","""2014""","""01""","""26""","""†""","""4.3""","""""","""1.6""","""""","""3.0""","""""","""15.0""","""""","""0.0""","""""","""""","""M""","""""","""M""","""0.0""","""""","""""","""""","""""","""""","""<31""",""""""
"""2014-01-27""","""2014""","""01""","""27""","""†""","""4.8""","""""","""0.8""","""""","""2.8""","""""","""15.2""","""""","""0.0""","""""","""""","""M""","""""","""M""","""0.0""","""""","""""","""""","""""","""""","""<31""",""""""
"""2014-01-28""","""2014""","""01""","""28""","""†""","""7.8""","""""","""4.3""","""""","""6.1""","""""","""11.9""","""""","""0.0""","""""","""""","""M""","""""","""M""","""0.8""","""""","""""","""""","""""","""""","""<31""",""""""
"""2014-01-29""","""2014""","""01""","""29""","""†""","""7.6""","""""","""5.5""","""""","""6.6""","""""","""11.4""","""""","""0.0""","""""","""""","""M""","""""","""M""","""5.9""","""""","""""","""""","""28""","""""","""37""",""""""
"""2014-01-30""","""2014""","""01""","""30""","""†""","""6.1""","""""","""2.8""","""""","""4.5""","""""","""13.5""","""""","""0.0""","""""","""""","""M""","""""","""M""","""4.5""","""""","""""","""""","""""","""""","""<31""",""""""
"""2014-01-31""","""2014""","""01""","""31""","""†""","""6.3""","""""","""-0.9""","""""","""2.7""","""""","""15.3""","""""","""0.0""","""""","""""","""M""","""""","""M""","""0.0""","""""","""""","""""","""""","""""","""<31""",""""""
"""2014-02-01""","""2014""","""02""","""01""","""†""","""4.4""","""""","""-2.0""","""""","""1.2""","""""","""16.8""","""""","""0.0""","""""","""""","""M""","""""","""M""","""0.0""","""""","""""","""""","""""","""""","""<31""",""""""
"""2014-02-02""","""2014""","""02""","""02""","""†""","""6.3""","""""","""-1.8""","""""","""2.3""","""""","""15.7""","""""","""0.0""","""""","""""","""M""","""""","""M""","""0.0""","""""","""""","""""","""""","""""","""<31""",""""""
"""2014-02-03""","""2014""","""02""","""03""","""†""","""5.2""","""""","""-4.1""","""""","""0.6""","""""","""17.4""","""""","""0.0""","""""","""""","""M""","""""","""M""","""0.0""","""""","""""","""""","""""","""""","""<31""",""""""
"""2014-02-04""","""2014""","""02""","""04""","""†""","""2.3""","""""","""-4.5""","""""","""-1.1""","""""","""19.1""","""""","""0.0""","""""","""""","""M""","""""","""M""","""0.0""","""""","""""","""""","""10""","""""","""32""",""""""
"""2014-02-05""","""2014""","""02""","""05""","""†""","""0.7""","""""","""-7.7""","""""","""-3.5""","""""","""21.5""","""""","""0.0""","""""","""""","""M""","""""","""M""","""0.0""","""""","""""","""""","""11""","""""","""41""",""""""
"""2014-02-06""","""2014""","""02""","""06""","""†""","""2.0""","""""","""-9.5""","""""","""-3.8""","""""","""21.8""","""""","""0.0""","""""","""""","""M""","""""","""M""","""0.0""","""""","""""","""""","""""","""""","""<31""",""""""
"""2014-02-07""","""2014""","""02""","""07""","""†""","""2.2""","""""","""-5.5""","""""","""-1.7""","""""","""19.7""","""""","""0.0""","""""","""""","""M""","""""","""M""","""0.0""","""""","""""","""""","""""","""""","""<31""",""""""
"""2014-02-08""","""2014""","""02""","""08""","""†""","""2.8""","""""","""-8.4""","""""","""-2.8""","""""","""20.8""","""""","""0.0""","""""","""""","""M""","""""","""M""","""0.0""","""""","""""","""""","""""","""""","""<31""",""""""
"""2014-02-09""","""2014""","""02""","""09""","""†""","""3.3""","""""","""-5.3""","""""","""-1.0""","""""","""19.0""","""""","""0.0""","""""","""""","""M""","""""","""M""","""0.0""","""""","""""","""""","""""","""""","""<31""",""""""
"""2014-02-10""","""2014""","""02""","""10""","""†""","""7.4""","""""","""0.8""","""""","""4.1""","""""","""13.9""","""""","""0.0""","""""","""""","""M""","""""","""M""","""8.2""","""""","""""","""""","""21""","""""","""35""",""""""
"""2014-02-11""","""2014""","""02""","""11""","""†""","""7.9""","""""","""-1.3""","""""","""3.3""","""""","""14.7""","""""","""0.0""","""""","""""","""M""","""""","""M""","""11.2""","""""","""""","""""","""19""","""""","""32""",""""""
"""2014-02-12""","""2014""","""02""","""12""","""†""","""10.2""","""""","""3.2""","""""","""6.7""","""""","""11.3""","""""","""0.0""","""""","""""","""M""","""""","""M""","""19.2""","""""","""""","""""","""9""","""""","""35""",""""""
"""2014-02-13""","""2014""","""02""","""13""","""†""","""11.0""","""""","""3.8""","""""","""7.4""","""""","""10.6""","""""","""0.0""","""""","""""","""M""","""""","""M""","""1.0""","""""","""""","""""","""22""","""""","""43""",""""""
"""2014-02-14""","""2014""","""02""","""14""","""†""","""12.1""","""""","""3.5""","""""","""7.8""","""""","""10.2""","""""","""0.0""","""""","""""","""M""","""""","""M""","""10.9""","""""","""""","""""","""10""","""""","""50""",""""""
"""2014-02-15""","""2014""","""02""","""15""","""†""","""8.7""","""""","""3.6""","""""","""6.2""","""""","""11.8""","""""","""0.0""","""""","""""","""M""","""""","""M""","""11.5""","""""","""""","""""","""21""","""""","""44""",""""""
"""2014-02-16""","""2014""","""02""","""16""","""†""","""7.0""","""""","""4.1""","""""","""5.6""","""""","""12.4""","""""","""0.0""","""""","""""","""M""","""""","""M""","""11.5""","""""","""""","""""","""22""","""""","""70""",""""""
"""2014-02-17""","""2014""","""02""","""17""","""†""","""8.5""","""""","""4.8""","""""","""6.7""","""""","""11.3""","""""","""0.0""","""""","""""","""M""","""""","""M""","""0.0""","""""","""""","""""","""""","""""","""<31""",""""""
"""2014-02-18""","""2014""","""02""","""18""","""†""","""8.9""","""""","""3.7""","""""","""6.3""","""""","""11.7""","""""","""0.0""","""""","""""","""M""","""""","""M""","""16.8""","""""","""""","""""","""16""","""""","""52""",""""""
"""2014-02-19""","""2014""","""02""","""19""","""†""","""8.8""","""""","""3.3""","""""","""6.1""","""""","""11.9""","""""","""0.0""","""""","""""","""M""","""""","""M""","""4.1""","""""","""""","""""","""22""","""""","""33""",""""""
"""2014-02-20""","""2014""","""02""","""20""","""†""","""10.0""","""""","""2.6""","""""","""6.3""","""""","""11.7""","""""","""0.0""","""""","""""","""M""","""""","""M""","""4.4""","""""","""""","""""","""28""","""""","""46""",""""""
"""2014-02-21""","""2014""","""02""","""21""","""†""","""6.2""","""""","""1.9""","""""","""4.1""","""""","""13.9""","""""","""0.0""","""""","""""","""M""","""""","""M""","""0.0""","""""","""""","""""","""27""","""""","""54""",""""""
"""2014-02-22""","""2014""","""02""","""22""","""†""","""2.0""","""""","""-0.2""","""""","""0.9""","""""","""17.1""","""""","""0.0""","""""","""""","""M""","""""","""M""","""9.6""","""""","""""","""""","""""","""""","""<31""",""""""
"""2014-02-23""","""2014""","""02""","""23""","""†""","""0.7""","""""","""0.2""","""""","""0.5""","""""","""17.5""","""""","""0.0""","""""","""""","""M""","""""","""M""","""13.1""","""""","""""","""""","""""","""""","""<31""",""""""
"""2014-02-24""","""2014""","""02""","""24""","""†""","""1.6""","""""","""0.0""","""""","""0.8""","""""","""17.2""","""""","""0.0""","""""","""""","""M""","""""","""M""","""16.0""","""""","""""","""""","""""","""""","""<31""",""""""
"""2014-02-25""","""2014""","""02""","""25""","""†""","""7.3""","""""","""-2.8""","""""","""2.3""","""""","""15.7""","""""","""0.0""","""""","""""","""M""","""""","""M""","""0.4""","""""","""""","""""","""""","""""","""<31""",""""""
"""2014-02-26""","""2014""","""02""","""26""","""†""","""5.9""","""""","""0.4""","""""","""3.2""","""""","""14.8""","""""","""0.0""","""""","""""","""M""","""""","""M""","""0.0""","""""","""""","""""","""""","""""","""<31""",""""""
"""2014-02-27""","""2014""","""02""","""27""","""†""","""7.7""","""""","""3.0""","""""","""5.4""","""""","""12.6""","""""","""0.0""","""""","""""","""M""","""""","""M""","""0.0""","""""","""""","""""","""""","""""","""<31""",""""""
"""2014-02-28""","""2014""","""02""","""28""","""†""","""8.5""","""""","""2.1""","""""","""5.3""","""""","""12.7""","""""","""0.0""","""""","""""","""M""","""""","""M""","""0.0""","""""","""""","""""","""""","""""","""<31""",""""""
"""2014-03-01""","""2014""","""03""","""01""","""†""","""5.9""","""""","""-1.6""","""""","""2.2""","""""","""15.8""","""""","""0.0""","""""","""""","""M""","""""","""M""","""0.0""","""""","""""","""""","""""","""""","""<31""",""""""
"""2014-03-02""","""2014""","""03""","""02""","""†""","""2.9""","""""","""-0.3""","""""","""1.3""","""""","""16.7""","""""","""0.0""","""""","""""","""M""","""""","""M""","""9.8""","""""","""""","""""","""""","""""","""<31""",""""""
"""2014-03-03""","""2014""","""03""","""03""","""†""","""9.6""","""""","""2.6""","""""","""6.1""","""""","""11.9""","""""","""0.0""","""""","""""","""M""","""""","""M""","""2.7""","""""","""""","""""","""27""","""""","""32""",""""""
"""2014-03-04""","""2014""","""03""","""04""","""†""","""5.6""","""""","""1.9""","""""","""3.8""","""""","""14.2""","""""","""0.0""","""""","""""","""M""","""""","""M""","""8.0""","""""","""""","""""","""""","""""","""<31""",""""""
"""2014-03-05""","""2014""","""03""","""05""","""†""","""12.2""","""""","""3.5""","""""","""7.9""","""""","""10.1""","""""","""0.0""","""""","""""","""M""","""""","""M""","""15.2""","""""","""""","""""","""7""","""""","""33""",""""""
"""2014-03-06""","""2014""","""03""","""06""","""†""","""10.5""","""""","""7.3""","""""","""8.9""","""""","""9.1""","""""","""0.0""","""""","""""","""M""","""""","""M""","""15.8""","""""","""""","""""","""13""","""""","""32""",""""""
"""2014-03-07""","""2014""","""03""","""07""","""†""","""12.3""","""""","""6.8""","""""","""9.6""","""""","""8.4""","""""","""0.0""","""""","""""","""M""","""""","""M""","""0.0""","""""","""""","""""","""""","""""","""<31""",""""""
"""2014-03-08""","""2014""","""03""","""08""","""†""","""9.8""","""""","""7.2""","""""","""8.5""","""""","""9.5""","""""","""0.0""","""""","""""","""M""","""""","""M""","""23.8""","""""","""""","""""","""9""","""""","""33""",""""""
"""2014-03-09""","""2014""","""03""","""09""","""†""","""13.1""","""""","""5.4""","""""","""9.3""","""""","""8.7""","""""","""0.0""","""""","""""","""M""","""""","""M""","""0.5""","""""","""""","""""","""""","""""","""<31""",""""""
"""2014-03-10""","""2014""","""03""","""10""","""†""","""9.0""","""""","""4.9""","""""","""7.0""","""""","""11.0""","""""","""0.0""","""""","""""","""M""","""""","""M""","""0.0""","""""","""""","""""","""27""","""""","""39""",""""""
"""2014-03-11""","""2014""","""03""","""11""","""†""","""12.6""","""""","""1.5""","""""","""7.1""","""""","""10.9""","""""","""0.0""","""""","""""","""M""","""""","""M""","""0.0""","""""","""""","""""","""""","""""","""<31""",""""""
"""2014-03-12""","""2014""","""03""","""12""","""†""","""10.5""","""""","""1.3""","""""","""5.9""","""""","""12.1""","""""","""0.0""","""""","""""","""M""","""""","""M""","""0.0""","""""","""""","""""","""28""","""""","""32""",""""""
"""2014-03-13""","""2014""","""03""","""13""","""†""","""12.5""","""""","""3.1""","""""","""7.8""","""""","""10.2""","""""","""0.0""","""""","""""","""M""","""""","""M""","""0.8""","""""","""""","""""","""29""","""""","""33""",""""""
"""2014-03-14""","""2014""","""03""","""14""","""†""","""12.8""","""""","""6.4""","""""","""9.6""","""""","""8.4""","""""","""0.0""","""""","""""","""M""","""""","""M""","""9.6""","""""","""""","""""","""""","""""","""<31""",""""""
"""2014-03-15""","""2014""","""03""","""15""","""†""","""10.1""","""""","""5.6""","""""","""7.9""","""""","""10.1""","""""","""0.0""","""""","""""","""M""","""""","""M""","""11.3""","""""","""""","""""","""8""","""""","""33""",""""""
"""2014-03-16""","""2014""","""03""","""16""","""†""","""9.7""","""""","""5.2""","""""","""7.5""","""""","""10.5""","""""","""0.0""","""""","""""","""M""","""""","""M""","""1.1""","""""","""""","""""","""28""","""""","""50""",""""""
"""2014-03-17""","""2014""","""03""","""17""","""†""","""8.7""","""""","""3.7""","""""","""6.2""","""""","""11.8""","""""","""0.0""","""""","""""","""M""","""""","""M""","""0.7""","""""","""""","""""","""28""","""""","""65""",""""""
"""2014-03-18""","""2014""","""03""","""18""","""†""","""8.6""","""""","""2.2""","""""","""5.4""","""""","""12.6""","""""","""0.0""","""""","""""","""M""","""""","""M""","""0.7""","""""","""""","""""","""""","""""","""<31""",""""""
"""2014-03-19""","""2014""","""03""","""19""","""†""","""9.3""","""""","""5.8""","""""","""7.6""","""""","""10.4""","""""","""0.0""","""""","""""","""M""","""""","""M""","""11.4""","""""","""""","""""","""27""","""""","""48""",""""""
"""2014-03-20""","""2014""","""03""","""20""","""†""","""8.9""","""""","""3.7""","""""","""6.3""","""""","""11.7""","""""","""0.0""","""""","""""","""M""","""""","""M""","""0.0""","""""","""""","""""","""28""","""""","""37""",""""""
"""2014-03-21""","""2014""","""03""","""21""","""†""","""8.8""","""""","""0.6""","""""","""4.7""","""""","""13.3""","""""","""0.0""","""""","""""","""M""","""""","""M""","""0.0""","""""","""""","""""","""""","""""","""<31""",""""""
"""2014-03-22""","""2014""","""03""","""22""","""†""","""5.4""","""""","""1.2""","""""","""3.3""","""""","""14.7""","""""","""0.0""","""""","""""","""M""","""""","""M""","""1.4""","""""","""""","""""","""""","""""","""<31""",""""""
"""2014-03-23""","""2014""","""03""","""23""","""†""","""8.3""","""""","""-0.2""","""""","""4.1""","""""","""13.9""","""""","""0.0""","""""","""""","""M""","""""","""M""","""0.0""","""""","""""","""""","""""","""""","""<31""",""""""
"""2014-03-24""","""2014""","""03""","""24""","""†""","""10.8""","""""","""4.1""","""""","""7.5""","""""","""10.5""","""""","""0.0""","""""","""""","""M""","""""","""M""","""0.0""","""""","""""","""""","""""","""""","""<31""",""""""
"""2014-03-25""","""2014""","""03""","""25""","""†""","""12.2""","""""","""8.6""","""""","""10.4""","""""","""7.6""","""""","""0.0""","""""","""""","""M""","""""","""M""","""4.6""","""""","""""","""""","""15""","""""","""37""",""""""
"""2014-03-26""","""2014""","""03""","""26""","""†""","""12.6""","""""","""5.0""","""""","""8.8""","""""","""9.2""","""""","""0.0""","""""","""""","""M""","""""","""M""","""7.0""","""""","""""","""""","""20""","""""","""43""",""""""
"""2014-03-27""","""2014""","""03""","""27""","""†""","""11.8""","""""","""6.8""","""""","""9.3""","""""","""8.7""","""""","""0.0""","""""","""""","""M""","""""","""M""","""4.5""","""""","""""","""""","""""","""""","""<31""",""""""
"""2014-03-28""","""2014""","""03""","""28""","""†""","""10.4""","""""","""7.3""","""""","""8.9""","""""","""9.1""","""""","""0.0""","""""","""""","""M""","""""","""M""","""9.7""","""""","""""","""""","""9""","""""","""39""",""""""
"""2014-03-29""","""2014""","""03""","""29""","""†""","""11.4""","""""","""7.1""","""""","""9.3""","""""","""8.7""","""""","""0.0""","""""","""""","""M""","""""","""M""","""3.2""","""""","""""","""""","""16""","""""","""37""",""""""
"""2014-03-30""","""2014""","""03""","""30""","""†""","""12.0""","""""","""4.8""","""""","""8.4""","""""","""9.6""","""""","""0.0""","""""","""""","""M""","""""","""M""","""2.7""","""""","""""","""""","""17""","""""","""33""",""""""
"""2014-03-31""","""2014""","""03""","""31""","""†""","""11.4""","""""","""2.5""","""""","""7.0""","""""","""11.0""","""""","""0.0""","""""","""""","""M""","""""","""M""","""0.0""","""""","""""","""""","""""","""""","""<31""",""""""
"""2014-04-01""","""2014""","""04""","""01""","""†""","""12.0""","""""","""2.3""","""""","""7.2""","""""","""10.8""","""""","""0.0""","""""","""""","""M""","""""","""M""","""0.0""","""""","""""","""""","""""","""""","""<31""",""""""
"""2014-04-02""","""2014""","""04""","""02""","""†""","""13.6""","""""","""3.0""","""""","""8.3""","""""","""9.7""","""""","""0.0""","""""","""""","""M""","""""","""M""","""0.0""","""""","""""","""""","""""","""""","""<31""",""""""
"""2014-04-03""","""2014""","""04""","""03""","""†""","""10.7""","""""","""6.8""","""""","""8.8""","""""","""9.2""","""""","""0.0""","""""","""""","""M""","""""","""M""","""5.6""","""""","""""","""""","""7""","""""","""32""",""""""
"""2014-04-04""","""2014""","""04""","""04""","""†""","""13.1""","""""","""7.4""","""""","""10.3""","""""","""7.7""","""""","""0.0""","""""","""""","""M""","""""","""M""","""2.2""","""""","""""","""""","""16""","""""","""33""",""""""
"""2014-04-05""","""2014""","""04""","""05""","""†""","""10.0""","""""","""4.3""","""""","""7.2""","""""","""10.8""","""""","""0.0""","""""","""""","""M""","""""","""M""","""4.4""","""""","""""","""""","""""","""""","""<31""",""""""
"""2014-04-06""","""2014""","""04""","""06""","""†""","""12.3""","""""","""7.1""","""""","""9.7""","""""","""8.3""","""""","""0.0""","""""","""""","""M""","""""","""M""","""0.0""","""""","""""","""""","""""","""""","""<31""",""""""
"""2014-04-07""","""2014""","""04""","""07""","""†""","""15.9""","""""","""8.6""","""""","""12.3""","""""","""5.7""","""""","""0.0""","""""","""""","""M""","""""","""M""","""1.9""","""""","""""","""""","""""","""""","""<31""",""""""
"""2014-04-08""","""2014""","""04""","""08""","""†""","""15.3""","""""","""9.6""","""""","""12.5""","""""","""5.5""","""""","""0.0""","""""","""""","""M""","""""","""M""","""2.2""","""""","""""","""""","""29""","""""","""35""",""""""
"""2014-04-09""","""2014""","""04""","""09""","""†""","""12.0""","""""","""7.7""","""""","""9.9""","""""","""8.1""","""""","""0.0""","""""","""""","""M""","""""","""M""","""0.0""","""""","""""","""""","""27""","""""","""41""",""""""
"""2014-04-10""","""2014""","""04""","""10""","""†""","""12.4""","""""","""4.1""","""""","""8.3""","""""","""9.7""","""""","""0.0""","""""","""""","""M""","""""","""M""","""0.0""","""""","""""","""""","""""","""""","""<31""",""""""
"""2014-04-11""","""2014""","""04""","""11""","""†""","""15.5""","""""","""7.8""","""""","""11.7""","""""","""6.3""","""""","""0.0""","""""","""""","""M""","""""","""M""","""0.0""","""""","""""","""""","""""","""""","""<31""",""""""
"""2014-04-12""","""2014""","""04""","""12""","""†""","""13.5""","""""","""5.5""","""""","""9.5""","""""","""8.5""","""""","""0.0""","""""","""""","""M""","""""","""M""","""0.0""","""""","""""","""""","""""","""""","""<31""",""""""
"""2014-04-13""","""2014""","""04""","""13""","""†""","""15.9""","""""","""4.3""","""""","""10.1""","""""","""7.9""","""""","""0.0""","""""","""""","""M""","""""","""M""","""0.0""","""""","""""","""""","""""","""""","""<31""",""""""
"""2014-04-14""","""2014""","""04""","""14""","""†""","""18.0""","""""","""3.8""","""""","""10.9""","""""","""7.1""","""""","""0.0""","""""","""""","""M""","""""","""M""","""0.0""","""""","""""","""""","""""","""""","""<31""",""""""
"""2014-04-15""","""2014""","""04""","""15""","""†""","""15.2""","""""","""8.4""","""""","""11.8""","""""","""6.2""","""""","""0.0""","""""","""""","""M""","""""","""M""","""1.0""","""""","""""","""""","""26""","""""","""44""",""""""
"""2014-04-16""","""2014""","""04""","""16""","""†""","""11.4""","""""","""7.3""","""""","""9.4""","""""","""8.6""","""""","""0.0""","""""","""""","""M""","""""","""M""","""12.3""","""""","""""","""""","""""","""""","""<31""",""""""
"""2014-04-17""","""2014""","""04""","""17""","""†""","""11.8""","""""","""7.4""","""""","""9.6""","""""","""8.4""","""""","""0.0""","""""","""""","""M""","""""","""M""","""17.6""","""""","""""","""""","""27""","""""","""59""",""""""
"""2014-04-18""","""2014""","""04""","""18""","""†""","""14.3""","""""","""7.2""","""""","""10.8""","""""","""7.2""","""""","""0.0""","""""","""""","""M""","""""","""M""","""0.0""","""""","""""","""""","""27""","""""","""41""",""""""
"""2014-04-19""","""2014""","""04""","""19""","""†""","""12.5""","""""","""7.3""","""""","""9.9""","""""","""8.1""","""""","""0.0""","""""","""""","""M""","""""","""M""","""1.8""","""""","""""","""""","""15""","""""","""43""",""""""
"""2014-04-20""","""2014""","""04""","""20""","""†""","""14.4""","""""","""5.8""","""""","""10.1""","""""","""7.9""","""""","""0.0""","""""","""""","""M""","""""","""M""","""0.0""","""""","""""","""""","""21""","""""","""39""",""""""
"""2014-04-21""","""2014""","""04""","""21""","""†""","""14.2""","""""","""7.8""","""""","""11.0""","""""","""7.0""","""""","""0.0""","""""","""""","""M""","""""","""M""","""0.4""","""""","""""","""""","""28""","""""","""33""",""""""
"""2014-04-22""","""2014""","""04""","""22""","""†""","""14.4""","""""","""7.4""","""""","""10.9""","""""","""7.1""","""""","""0.0""","""""","""""","""M""","""""","""M""","""0.6""","""""","""""","""""","""16""","""""","""37""",""""""
"""2014-04-23""","""2014""","""04""","""23""","""†""","""14.3""","""""","""5.9""","""""","""10.1""","""""","""7.9""","""""","""0.0""","""""","""""","""M""","""""","""M""","""1.5""","""""","""""","""""","""""","""""","""<31""",""""""
"""2014-04-24""","""2014""","""04""","""24""","""†""","""13.6""","""""","""7.1""","""""","""10.4""","""""","""7.6""","""""","""0.0""","""""","""""","""M""","""""","""M""","""6.1""","""""","""""","""""","""19""","""""","""39""",""""""
"""2014-04-25""","""2014""","""04""","""25""","""†""","""12.9""","""""","""3.9""","""""","""8.4""","""""","""9.6""","""""","""0.0""","""""","""""","""M""","""""","""M""","""0.0""","""""","""""","""""","""""","""""","""<31""",""""""
"""2014-04-26""","""2014""","""04""","""26""","""†""","""13.9""","""""","""3.8""","""""","""8.9""","""""","""9.1""","""""","""0.0""","""""","""""","""M""","""""","""M""","""0.0""","""T""","""""","""""","""16""","""""","""39""",""""""
"""2014-04-27""","""2014""","""04""","""27""","""†""","""12.4""","""""","""7.6""","""""","""10.0""","""""","""8.0""","""""","""0.0""","""""","""""","""M""","""""","""M""","""1.8""","""""","""""","""""","""11""","""""","""39""",""""""
"""2014-04-28""","""2014""","""04""","""28""","""†""","""15.1""","""""","""3.7""","""""","""9.4""","""""","""8.6""","""""","""0.0""","""""","""""","""M""","""""","""M""","""""","""M""","""""","""""","""""","""""","""<31""",""""""
"""2014-04-29""","""2014""","""04""","""29""","""†""","""19.1""","""""","""8.4""","""""","""13.8""","""""","""4.2""","""""","""0.0""","""""","""""","""M""","""""","""M""","""0.0""","""""","""""","""""","""""","""""","""<31""",""""""
"""2014-04-30""","""2014""","""04""","""30""","""†""","""17.3""","""""","""7.6""","""""","""12.5""","""""","""5.5""","""""","""0.0""","""""","""""","""M""","""""","""M""","""0.0""","""""","""""","""""","""""","""""","""<31""",""""""
"""2014-05-01""","""2014""","""05""","""01""","""†""","""22.0""","""""","""8.9""","""""","""15.5""","""""","""2.5""","""""","""0.0""","""""","""""","""M""","""""","""M""","""0.0""","""""","""""","""""","""""","""""","""<31""",""""""
"""2014-05-02""","""2014""","""05""","""02""","""†""","""21.0""","""""","""11.2""","""""","""16.1""","""""","""1.9""","""""","""0.0""","""""","""""","""M""","""""","""M""","""0.9""","""""","""""","""""","""""","""""","""<31""",""""""
"""2014-05-03""","""2014""","""05""","""03""","""†""","""14.0""","""""","""9.6""","""""","""11.8""","""""","""6.2""","""""","""0.0""","""""","""""","""M""","""""","""M""","""1.0""","""""","""""","""""","""""","""""","""<31""",""""""
"""2014-05-04""","""2014""","""05""","""04""","""†""","""11.8""","""""","""8.8""","""""","""10.3""","""""","""7.7""","""""","""0.0""","""""","""""","""M""","""""","""M""","""17.4""","""""","""""","""""","""""","""""","""<31""",""""""
"""2014-05-05""","""2014""","""05""","""05""","""†""","""14.8""","""""","""8.5""","""""","""11.7""","""""","""6.3""","""""","""0.0""","""""","""""","""M""","""""","""M""","""5.2""","""""","""""","""""","""""","""""","""<31""",""""""
"""2014-05-06""","""2014""","""05""","""06""","""†""","""15.4""","""""","""7.2""","""""","""11.3""","""""","""6.7""","""""","""0.0""","""""","""""","""M""","""""","""M""","""0.0""","""""","""""","""""","""""","""""","""<31""",""""""
"""2014-05-07""","""2014""","""05""","""07""","""†""","""18.1""","""""","""7.0""","""""","""12.6""","""""","""5.4""","""""","""0.0""","""""","""""","""M""","""""","""M""","""0.0""","""""","""""","""""","""21""","""""","""32""",""""""
"""2014-05-08""","""2014""","""05""","""08""","""†""","""16.6""","""""","""9.5""","""""","""13.1""","""""","""4.9""","""""","""0.0""","""""","""""","""M""","""""","""M""","""16.4""","""""","""""","""""","""16""","""""","""33""",""""""
"""2014-05-09""","""2014""","""05""","""09""","""†""","""16.1""","""""","""9.2""","""""","""12.7""","""""","""5.3""","""""","""0.0""","""""","""""","""M""","""""","""M""","""1.3""","""""","""""","""""","""""","""""","""<31""",""""""
"""2014-05-10""","""2014""","""05""","""10""","""†""","""16.6""","""""","""8.9""","""""","""12.8""","""""","""5.2""","""""","""0.0""","""""","""""","""M""","""""","""M""","""0.0""","""""","""""","""""","""""","""""","""<31""",""""""
"""2014-05-11""","""2014""","""05""","""11""","""†""","""17.4""","""""","""9.9""","""""","""13.7""","""""","""4.3""","""""","""0.0""","""""","""""","""M""","""""","""M""","""0.0""","""""","""""","""""","""""","""""","""<31""",""""""
"""2014-05-12""","""2014""","""05""","""12""","""†""","""21.4""","""""","""9.1""","""""","""15.3""","""""","""2.7""","""""","""0.0""","""""","""""","""M""","""""","""M""","""0.0""","""""","""""","""""","""""","""""","""<31""",""""""
"""2014-05-13""","""2014""","""05""","""13""","""†""","""19.1""","""""","""12.8""","""""","""16.0""","""""","""2.0""","""""","""0.0""","""""","""""","""M""","""""","""M""","""0.0""","""""","""""","""""","""""","""""","""<31""",""""""
"""2014-05-14""","""2014""","""05""","""14""","""†""","""21.3""","""""","""11.3""","""""","""16.3""","""""","""1.7""","""""","""0.0""","""""","""""","""M""","""""","""M""","""0.0""","""""","""""","""""","""""","""""","""<31""",""""""
"""2014-05-15""","""2014""","""05""","""15""","""†""","""22.0""","""""","""13.2""","""""","""17.6""","""""","""0.4""","""""","""0.0""","""""","""""","""M""","""""","""M""","""0.0""","""""","""""","""""","""""","""""","""<31""",""""""
"""2014-05-16""","""2014""","""05""","""16""","""†""","""19.3""","""""","""13.3""","""""","""16.3""","""""","""1.7""","""""","""0.0""","""""","""""","""M""","""""","""M""","""0.0""","""""","""""","""""","""11""","""""","""32""",""""""
"""2014-05-17""","""2014""","""05""","""17""","""†""","""19.5""","""""","""12.5""","""""","""16.0""","""""","""2.0""","""""","""0.0""","""""","""""","""M""","""""","""M""","""0.0""","""""","""""","""""","""""","""""","""<31""",""""""
"""2014-05-18""","""2014""","""05""","""18""","""†""","""18.6""","""""","""9.9""","""""","""14.3""","""""","""3.7""","""""","""0.0""","""""","""""","""M""","""""","""M""","""0.0""","""""","""""","""""","""""","""""","""<31""",""""""
"""2014-05-19""","""2014""","""05""","""19""","""†""","""18.9""","""""","""11.6""","""""","""15.3""","""""","""2.7""","""""","""0.0""","""""","""""","""M""","""""","""M""","""0.0""","""""","""""","""""","""""","""""","""<31""",""""""
"""2014-05-20""","""2014""","""05""","""20""","""†""","""20.3""","""""","""12.3""","""""","""16.3""","""""","""1.7""","""""","""0.0""","""""","""""","""M""","""""","""M""","""0.0""","""""","""""","""""","""""","""""","""<31""",""""""
"""2014-05-21""","""2014""","""05""","""21""","""†""","""19.6""","""""","""11.0""","""""","""15.3""","""""","""2.7""","""""","""0.0""","""""","""""","""M""","""""","""M""","""0.0""","""""","""""","""""","""""","""""","""<31""",""""""
"""2014-05-22""","""2014""","""05""","""22""","""†""","""20.8""","""""","""11.3""","""""","""16.1""","""""","""1.9""","""""","""0.0""","""""","""""","""M""","""""","""M""","""0.0""","""""","""""","""""","""""","""""","""<31""",""""""
"""2014-05-23""","""2014""","""05""","""23""","""†""","""19.3""","""""","""12.2""","""""","""15.8""","""""","""2.2""","""""","""0.0""","""""","""""","""M""","""""","""M""","""12.5""","""""","""""","""""","""""","""""","""<31""",""""""
"""2014-05-24""","""2014""","""05""","""24""","""†""","""18.4""","""""","""12.0""","""""","""15.2""","""""","""2.8""","""""","""0.0""","""""","""""","""M""","""""","""M""","""0.0""","""""","""""","""""","""""","""""","""<31""",""""""
"""2014-05-25""","""2014""","""05""","""25""","""†""","""14.9""","""""","""11.6""","""""","""13.3""","""""","""4.7""","""""","""0.0""","""""","""""","""M""","""""","""M""","""1.4""","""""","""""","""""","""""","""""","""<31""",""""""
"""2014-05-26""","""2014""","""05""","""26""","""†""","""18.8""","""""","""10.5""","""""","""14.7""","""""","""3.3""","""""","""0.0""","""""","""""","""M""","""""","""M""","""3.0""","""""","""""","""""","""""","""""","""<31""",""""""
"""2014-05-27""","""2014""","""05""","""27""","""†""","""16.8""","""""","""8.8""","""""","""12.8""","""""","""5.2""","""""","""0.0""","""""","""""","""M""","""""","""M""","""0.0""","""""","""""","""""","""""","""""","""<31""",""""""
"""2014-05-28""","""2014""","""05""","""28""","""†""","""18.4""","""""","""9.3""","""""","""13.9""","""""","""4.1""","""""","""0.0""","""""","""""","""M""","""""","""M""","""3.5""","""""","""""","""""","""31""","""""","""33""",""""""
"""2014-05-29""","""2014""","""05""","""29""","""†""","""16.6""","""""","""11.0""","""""","""13.8""","""""","""4.2""","""""","""0.0""","""""","""""","""M""","""""","""M""","""9.5""","""""","""""","""""","""""","""""","""<31""",""""""
"""2014-05-30""","""2014""","""05""","""30""","""†""","""18.3""","""""","""8.1""","""""","""13.2""","""""","""4.8""","""""","""0.0""","""""","""""","""M""","""""","""M""","""0.0""","""""","""""","""""","""""","""""","""<31""",""""""
"""2014-05-31""","""2014""","""05""","""31""","""†""","""18.6""","""""","""9.0""","""""","""13.8""","""""","""4.2""","""""","""0.0""","""""","""""","""M""","""""","""M""","""0.0""","""""","""""","""""","""""","""""","""<31""",""""""
"""2014-06-01""","""2014""","""06""","""01""","""†""","""19.0""","""""","""10.3""","""""","""14.7""","""""","""3.3""","""""","""0.0""","""""","""""","""M""","""""","""M""","""0.0""","""""","""""","""""","""""","""""","""<31""",""""""
"""2014-06-02""","""2014""","""06""","""02""","""†""","""19.2""","""""","""10.8""","""""","""15.0""","""""","""3.0""","""""","""0.0""","""""","""""","""M""","""""","""M""","""0.0""","""""","""""","""""","""""","""""","""<31""",""""""
"""2014-06-03""","""2014""","""06""","""03""","""†""","""18.7""","""""","""12.8""","""""","""15.8""","""""","""2.2""","""""","""0.0""","""""","""""","""M""","""""","""M""","""0.0""","""""","""""","""""","""28""","""""","""33""",""""""
"""2014-06-04""","""2014""","""06""","""04""","""†""","""17.8""","""""","""11.1""","""""","""14.5""","""""","""3.5""","""""","""0.0""","""""","""""","""M""","""""","""M""","""0.0""","""""","""""","""""","""""","""""","""<31""",""""""
"""2014-06-05""","""2014""","""06""","""05""","""†""","""17.5""","""""","""11.1""","""""","""14.3""","""""","""3.7""","""""","""0.0""","""""","""""","""M""","""""","""M""","""0.0""","""""","""""","""""","""""","""""","""<31""",""""""
"""2014-06-06""","""2014""","""06""","""06""","""†""","""18.5""","""""","""9.5""","""""","""14.0""","""""","""4.0""","""""","""0.0""","""""","""""","""M""","""""","""M""","""0.0""","""""","""""","""""","""""","""""","""<31""",""""""
"""2014-06-07""","""2014""","""06""","""07""","""†""","""21.4""","""""","""12.2""","""""","""16.8""","""""","""1.2""","""""","""0.0""","""""","""""","""M""","""""","""M""","""0.0""","""""","""""","""""","""""","""""","""<31""",""""""
"""2014-06-08""","""2014""","""06""","""08""","""†""","""22.7""","""""","""14.0""","""""","""18.4""","""""","""0.0""","""""","""0.4""","""""","""""","""M""","""""","""M""","""0.0""","""""","""""","""""","""""","""""","""<31""",""""""
"""2014-06-09""","""2014""","""06""","""09""","""†""","""18.6""","""""","""12.9""","""""","""15.8""","""""","""2.2""","""""","""0.0""","""""","""""","""M""","""""","""M""","""0.0""","""""","""""","""""","""27""","""""","""50""",""""""
"""2014-06-10""","""2014""","""06""","""10""","""†""","""18.7""","""""","""12.2""","""""","""15.5""","""""","""2.5""","""""","""0.0""","""""","""""","""M""","""""","""M""","""2.4""","""""","""""","""""","""""","""""","""<31""",""""""
"""2014-06-11""","""2014""","""06""","""11""","""†""","""18.8""","""""","""9.5""","""""","""14.2""","""""","""3.8""","""""","""0.0""","""""","""""","""M""","""""","""M""","""0.0""","""""","""""","""""","""""","""""","""<31""",""""""
"""2014-06-12""","""2014""","""06""","""12""","""†""","""20.4""","""""","""11.9""","""""","""16.2""","""""","""1.8""","""""","""0.0""","""""","""""","""M""","""""","""M""","""0.0""","""""","""""","""""","""""","""""","""<31""",""""""
"""2014-06-13""","""2014""","""06""","""13""","""†""","""20.0""","""""","""12.2""","""""","""16.1""","""""","""1.9""","""""","""0.0""","""""","""""","""M""","""""","""M""","""0.3""","""""","""""","""""","""""","""""","""<31""",""""""
"""2014-06-14""","""2014""","""06""","""14""","""†""","""14.2""","""""","""11.4""","""""","""12.8""","""""","""5.2""","""""","""0.0""","""""","""""","""M""","""""","""M""","""3.3""","""""","""""","""""","""""","""""","""<31""",""""""
"""2014-06-15""","""2014""","""06""","""15""","""†""","""16.7""","""""","""11.5""","""""","""14.1""","""""","""3.9""","""""","""0.0""","""""","""""","""M""","""""","""M""","""0.2""","""""","""""","""""","""""","""""","""<31""",""""""
"""2014-06-16""","""2014""","""06""","""16""","""†""","""17.5""","""""","""9.6""","""""","""13.6""","""""","""4.4""","""""","""0.0""","""""","""""","""M""","""""","""M""","""9.9""","""""","""""","""""","""7""","""""","""35""",""""""
"""2014-06-17""","""2014""","""06""","""17""","""†""","""20.2""","""""","""12.7""","""""","""16.5""","""""","""1.5""","""""","""0.0""","""""","""""","""M""","""""","""M""","""0.2""","""""","""""","""""","""""","""""","""<31""",""""""
"""2014-06-18""","""2014""","""06""","""18""","""†""","""18.7""","""""","""12.1""","""""","""15.4""","""""","""2.6""","""""","""0.0""","""""","""""","""M""","""""","""M""","""0.0""","""""","""""","""""","""""","""""","""<31""",""""""
"""2014-06-19""","""2014""","""06""","""19""","""†""","""19.0""","""""","""12.9""","""""","""16.0""","""""","""2.0""","""""","""0.0""","""""","""""","""M""","""""","""M""","""2.8""","""""","""""","""""","""""","""""","""<31""",""""""
"""2014-06-20""","""2014""","""06""","""20""","""†""","""18.2""","""""","""9.2""","""""","""13.7""","""""","""4.3""","""""","""0.0""","""""","""""","""M""","""""","""M""","""0.0""","""""","""""","""""","""25""","""""","""32""",""""""
"""2014-06-21""","""2014""","""06""","""21""","""†""","""18.3""","""""","""9.2""","""""","""13.8""","""""","""4.2""","""""","""0.0""","""""","""""","""M""","""""","""M""","""0.0""","""""","""""","""""","""""","""""","""<31""",""""""
"""2014-06-22""","""2014""","""06""","""22""","""†""","""19.6""","""""","""10.3""","""""","""15.0""","""""","""3.0""","""""","""0.0""","""""","""""","""M""","""""","""M""","""0.0""","""""","""""","""""","""""","""""","""<31""",""""""
"""2014-06-23""","""2014""","""06""","""23""","""†""","""22.0""","""""","""12.0""","""""","""17.0""","""""","""1.0""","""""","""0.0""","""""","""""","""M""","""""","""M""","""0.8""","""""","""""","""""","""""","""""","""<31""",""""""
"""2014-06-24""","""2014""","""06""","""24""","""†""","""20.3""","""""","""14.1""","""""","""17.2""","""""","""0.8""","""""","""0.0""","""""","""""","""M""","""""","""M""","""0.0""","""""","""""","""""","""""","""""","""<31""",""""""
"""2014-06-25""","""2014""","""06""","""25""","""†""","""20.9""","""""","""12.9""","""""","""16.9""","""""","""1.1""","""""","""0.0""","""""","""""","""M""","""""","""M""","""0.0""","""""","""""","""""","""""","""""","""<31""",""""""
"""2014-06-26""","""2014""","""06""","""26""","""†""","""22.9""","""""","""12.7""","""""","""17.8""","""""","""0.2""","""""","""0.0""","""""","""""","""M""","""""","""M""","""""","""M""","""""","""""","""""","""""","""<31""",""""""
"""2014-06-27""","""2014""","""06""","""27""","""†""","""19.6""","""""","""13.3""","""""","""16.5""","""""","""1.5""","""""","""0.0""","""""","""""","""M""","""""","""M""","""1.9""","""""","""""","""""","""""","""""","""<31""",""""""
"""2014-06-28""","""2014""","""06""","""28""","""†""","""20.0""","""""","""13.4""","""""","""16.7""","""""","""1.3""","""""","""0.0""","""""","""""","""M""","""""","""M""","""3.9""","""""","""""","""""","""19""","""""","""33""",""""""
"""2014-06-29""","""2014""","""06""","""29""","""†""","""20.2""","""""","""13.1""","""""","""16.7""","""""","""1.3""","""""","""0.0""","""""","""""","""M""","""""","""M""","""0.0""","""""","""""","""""","""""","""""","""<31""",""""""
"""2014-06-30""","""2014""","""06""","""30""","""†""","""21.7""","""""","""10.9""","""""","""16.3""","""""","""1.7""","""""","""0.0""","""""","""""","""M""","""""","""M""","""0.0""","""""","""""","""""","""""","""""","""<31""",""""""
"""2014-07-01""","""2014""","""07""","""01""","""†""","""28.5""","""""","""13.3""","""""","""20.9""","""""","""0.0""","""""","""2.9""","""""","""""","""M""","""""","""M""","""0.0""","""""","""""","""""","""""","""""","""<31""",""""""
"""2014-07-02""","""2014""","""07""","""02""","""†""","""25.1""","""""","""16.4""","""""","""20.8""","""""","""0.0""","""""","""2.8""","""""","""""","""M""","""""","""M""","""0.0""","""""","""""","""""","""12""","""""","""33""",""""""
"""2014-07-03""","""2014""","""07""","""03""","""†""","""21.8""","""""","""12.9""","""""","""17.4""","""""","""0.6""","""""","""0.0""","""""","""""","""M""","""""","""M""","""0.0""","""""","""""","""""","""16""","""""","""32""",""""""
"""2014-07-04""","""2014""","""07""","""04""","""†""","""20.8""","""""","""10.9""","""""","""15.9""","""""","""2.1""","""""","""0.0""","""""","""""","""M""","""""","""M""","""0.2""","""""","""""","""""","""""","""""","""<31""",""""""
"""2014-07-05""","""2014""","""07""","""05""","""†""","""20.5""","""""","""14.0""","""""","""17.3""","""""","""0.7""","""""","""0.0""","""""","""""","""M""","""""","""M""","""0.4""","""""","""""","""""","""""","""""","""<31""",""""""
"""2014-07-06""","""2014""","""07""","""06""","""†""","""22.9""","""""","""15.7""","""""","""19.3""","""""","""0.0""","""""","""1.3""","""""","""""","""M""","""""","""M""","""1.3""","""""","""""","""""","""""","""""","""<31""",""""""
"""2014-07-07""","""2014""","""07""","""07""","""†""","""22.7""","""""","""14.8""","""""","""18.8""","""""","""0.0""","""""","""0.8""","""""","""""","""M""","""""","""M""","""0.0""","""""","""""","""""","""30""","""""","""32""",""""""
"""2014-07-08""","""2014""","""07""","""08""","""†""","""23.2""","""""","""14.5""","""""","""18.9""","""""","""0.0""","""""","""0.9""","""""","""""","""M""","""""","""M""","""0.0""","""""","""""","""""","""""","""""","""<31""",""""""
"""2014-07-09""","""2014""","""07""","""09""","""†""","""21.7""","""""","""16.4""","""""","""19.1""","""""","""0.0""","""""","""1.1""","""""","""""","""M""","""""","""M""","""0.0""","""""","""""","""""","""28""","""""","""37""",""""""
"""2014-07-10""","""2014""","""07""","""10""","""†""","""22.2""","""""","""14.7""","""""","""18.5""","""""","""0.0""","""""","""0.5""","""""","""""","""M""","""""","""M""","""0.0""","""""","""""","""""","""30""","""""","""32""",""""""
"""2014-07-11""","""2014""","""07""","""11""","""†""","""23.8""","""""","""13.9""","""""","""18.9""","""""","""0.0""","""""","""0.9""","""""","""""","""M""","""""","""M""","""0.0""","""""","""""","""""","""""","""""","""<31""",""""""
"""2014-07-12""","""2014""","""07""","""12""","""†""","""26.7""","""""","""15.1""","""""","""20.9""","""""","""0.0""","""""","""2.9""","""""","""""","""M""","""""","""M""","""0.0""","""""","""""","""""","""""","""""","""<31""",""""""
"""2014-07-13""","""2014""","""07""","""13""","""†""","""27.0""","""""","""15.6""","""""","""21.3""","""""","""0.0""","""""","""3.3""","""""","""""","""M""","""""","""M""","""0.0""","""""","""""","""""","""""","""""","""<31""",""""""
"""2014-07-14""","""2014""","""07""","""14""","""†""","""27.7""","""""","""16.3""","""""","""22.0""","""""","""0.0""","""""","""4.0""","""""","""""","""M""","""""","""M""","""0.0""","""""","""""","""""","""""","""""","""<31""",""""""
"""2014-07-15""","""2014""","""07""","""15""","""†""","""24.8""","""""","""14.3""","""""","""19.6""","""""","""0.0""","""""","""1.6""","""""","""""","""M""","""""","""M""","""0.0""","""""","""""","""""","""""","""""","""<31""",""""""
"""2014-07-16""","""2014""","""07""","""16""","""†""","""""","""M""","""14.1""","""E""","""""","""M""","""""","""M""","""""","""M""","""""","""M""","""""","""M""","""""","""M""","""""","""""","""""","""""","""<31""",""""""
"""2014-07-17""","""2014""","""07""","""17""","""†""","""""","""M""","""17.6""","""E""","""""","""M""","""""","""M""","""""","""M""","""""","""M""","""""","""M""","""""","""M""","""""","""""","""""","""M""","""""","""M"""
"""2014-07-18""","""2014""","""07""","""18""","""†""","""23.8""","""E""","""""","""M""","""""","""M""","""""","""M""","""""","""M""","""""","""M""","""""","""M""","""""","""M""","""""","""""","""""","""""","""<31""",""""""
"""2014-07-19""","""2014""","""07""","""19""","""†""","""23.4""","""""","""15.6""","""""","""19.5""","""""","""0.0""","""""","""1.5""","""""","""""","""M""","""""","""M""","""6.1""","""""","""""","""""","""""","""""","""<31""",""""""
"""2014-07-20""","""2014""","""07""","""20""","""†""","""19.5""","""""","""15.5""","""""","""17.5""","""""","""0.5""","""""","""0.0""","""""","""""","""M""","""""","""M""","""1.9""","""""","""""","""""","""""","""""","""<31""",""""""
"""2014-07-21""","""2014""","""07""","""21""","""†""","""22.2""","""""","""14.0""","""""","""18.1""","""""","""0.0""","""""","""0.1""","""""","""""","""M""","""""","""M""","""1.0""","""""","""""","""""","""""","""""","""<31""",""""""
"""2014-07-22""","""2014""","""07""","""22""","""†""","""24.7""","""""","""13.4""","""""","""19.1""","""""","""0.0""","""""","""1.1""","""""","""""","""M""","""""","""M""","""0.4""","""""","""""","""""","""""","""""","""<31""",""""""
"""2014-07-23""","""2014""","""07""","""23""","""†""","""19.5""","""""","""13.9""","""""","""16.7""","""""","""1.3""","""""","""0.0""","""""","""""","""M""","""""","""M""","""8.3""","""""","""""","""""","""15""","""""","""32""",""""""
"""2014-07-24""","""2014""","""07""","""24""","""†""","""20.7""","""""","""13.2""","""""","""17.0""","""""","""1.0""","""""","""0.0""","""""","""""","""M""","""""","""M""","""7.6""","""""","""""","""""","""""","""""","""<31""",""""""
"""2014-07-25""","""2014""","""07""","""25""","""†""","""21.1""","""""","""11.8""","""""","""16.5""","""""","""1.5""","""""","""0.0""","""""","""""","""M""","""""","""M""","""0.0""","""T""","""""","""""","""""","""""","""<31""",""""""
"""2014-07-26""","""2014""","""07""","""26""","""†""","""24.4""","""""","""12.4""","""""","""18.4""","""""","""0.0""","""""","""0.4""","""""","""""","""M""","""""","""M""","""0.0""","""""","""""","""""","""""","""""","""<31""",""""""
"""2014-07-27""","""2014""","""07""","""27""","""†""","""23.1""","""""","""13.6""","""""","""18.4""","""""","""0.0""","""""","""0.4""","""""","""""","""M""","""""","""M""","""0.0""","""""","""""","""""","""""","""""","""<31""",""""""
"""2014-07-28""","""2014""","""07""","""28""","""†""","""24.5""","""""","""14.1""","""""","""19.3""","""""","""0.0""","""""","""1.3""","""""","""""","""M""","""""","""M""","""0.0""","""""","""""","""""","""""","""""","""<31""",""""""
"""2014-07-29""","""2014""","""07""","""29""","""†""","""25.8""","""""","""14.6""","""""","""20.2""","""""","""0.0""","""""","""2.2""","""""","""""","""M""","""""","""M""","""0.0""","""""","""""","""""","""""","""""","""<31""",""""""
"""2014-07-30""","""2014""","""07""","""30""","""†""","""24.6""","""""","""13.9""","""""","""19.3""","""""","""0.0""","""""","""1.3""","""""","""""","""M""","""""","""M""","""0.0""","""""","""""","""""","""""","""""","""<31""",""""""
"""2014-07-31""","""2014""","""07""","""31""","""†""","""24.1""","""""","""14.1""","""""","""19.1""","""""","""0.0""","""""","""1.1""","""""","""""","""M""","""""","""M""","""0.0""","""""","""""","""""","""""","""""","""<31""",""""""
"""2014-08-01""","""2014""","""08""","""01""","""†""","""24.0""","""""","""15.1""","""""","""19.6""","""""","""0.0""","""""","""1.6""","""""","""""","""M""","""""","""M""","""0.0""","""T""","""""","""""","""""","""""","""<31""",""""""
"""2014-08-02""","""2014""","""08""","""02""","""†""","""25.1""","""""","""15.3""","""""","""20.2""","""""","""0.0""","""""","""2.2""","""""","""""","""M""","""""","""M""","""0.0""","""""","""""","""""","""""","""""","""<31""",""""""
"""2014-08-03""","""2014""","""08""","""03""","""†""","""24.2""","""""","""16.0""","""""","""20.1""","""""","""0.0""","""""","""2.1""","""""","""""","""M""","""""","""M""","""0.0""","""""","""""","""""","""""","""""","""<31""",""""""
"""2014-08-04""","""2014""","""08""","""04""","""†""","""24.3""","""""","""16.6""","""""","""20.5""","""""","""0.0""","""""","""2.5""","""""","""""","""M""","""""","""M""","""0.0""","""""","""""","""""","""""","""""","""<31""",""""""
"""2014-08-05""","""2014""","""08""","""05""","""†""","""25.6""","""""","""15.4""","""""","""20.5""","""""","""0.0""","""""","""2.5""","""""","""""","""M""","""""","""M""","""0.0""","""""","""""","""""","""""","""""","""<31""",""""""
"""2014-08-06""","""2014""","""08""","""06""","""†""","""22.8""","""""","""15.6""","""""","""19.2""","""""","""0.0""","""""","""1.2""","""""","""""","""M""","""""","""M""","""0.0""","""T""","""""","""""","""""","""""","""<31""",""""""
"""2014-08-07""","""2014""","""08""","""07""","""†""","""23.3""","""""","""13.8""","""""","""18.6""","""""","""0.0""","""""","""0.6""","""""","""""","""M""","""""","""M""","""0.0""","""""","""""","""""","""""","""""","""<31""",""""""
"""2014-08-08""","""2014""","""08""","""08""","""†""","""23.2""","""""","""13.4""","""""","""18.3""","""""","""0.0""","""""","""0.3""","""""","""""","""M""","""""","""M""","""0.0""","""T""","""""","""""","""""","""""","""<31""",""""""
"""2014-08-09""","""2014""","""08""","""09""","""†""","""22.9""","""""","""12.9""","""""","""17.9""","""""","""0.1""","""""","""0.0""","""""","""""","""M""","""""","""M""","""0.0""","""""","""""","""""","""""","""""","""<31""",""""""
"""2014-08-10""","""2014""","""08""","""10""","""†""","""26.0""","""""","""14.4""","""""","""20.2""","""""","""0.0""","""""","""2.2""","""""","""""","""M""","""""","""M""","""0.0""","""""","""""","""""","""""","""""","""<31""",""""""
"""2014-08-11""","""2014""","""08""","""11""","""†""","""27.3""","""""","""16.0""","""""","""21.7""","""""","""0.0""","""""","""3.7""","""""","""""","""M""","""""","""M""","""0.0""","""""","""""","""""","""""","""""","""<31""",""""""
"""2014-08-12""","""2014""","""08""","""12""","""†""","""22.7""","""""","""18.8""","""""","""20.8""","""""","""0.0""","""""","""2.8""","""""","""""","""M""","""""","""M""","""1.1""","""""","""""","""""","""""","""""","""<31""",""""""
"""2014-08-13""","""2014""","""08""","""13""","""†""","""20.2""","""""","""15.7""","""""","""18.0""","""""","""0.0""","""""","""0.0""","""""","""""","""M""","""""","""M""","""8.0""","""""","""""","""""","""""","""""","""<31""",""""""
"""2014-08-14""","""2014""","""08""","""14""","""†""","""23.4""","""""","""14.7""","""""","""19.1""","""""","""0.0""","""""","""1.1""","""""","""""","""M""","""""","""M""","""2.3""","""""","""""","""""","""""","""""","""<31""",""""""
"""2014-08-15""","""2014""","""08""","""15""","""†""","""24.4""","""""","""16.5""","""""","""20.5""","""""","""0.0""","""""","""2.5""","""""","""""","""M""","""""","""M""","""6.1""","""""","""""","""""","""""","""""","""<31""",""""""
"""2014-08-16""","""2014""","""08""","""16""","""†""","""23.0""","""""","""16.4""","""""","""19.7""","""""","""0.0""","""""","""1.7""","""""","""""","""M""","""""","""M""","""0.0""","""""","""""","""""","""""","""""","""<31""",""""""
"""2014-08-17""","""2014""","""08""","""17""","""†""","""23.4""","""""","""16.0""","""""","""19.7""","""""","""0.0""","""""","""1.7""","""""","""""","""M""","""""","""M""","""0.0""","""""","""""","""""","""""","""""","""<31""",""""""
"""2014-08-18""","""2014""","""08""","""18""","""†""","""23.8""","""""","""15.2""","""""","""19.5""","""""","""0.0""","""""","""1.5""","""""","""""","""M""","""""","""M""","""0.0""","""""","""""","""""","""""","""""","""<31""",""""""
"""2014-08-19""","""2014""","""08""","""19""","""†""","""23.1""","""""","""17.5""","""""","""20.3""","""""","""0.0""","""""","""2.3""","""""","""""","""M""","""""","""M""","""0.0""","""T""","""""","""""","""""","""""","""<31""",""""""
"""2014-08-20""","""2014""","""08""","""20""","""†""","""23.1""","""""","""13.6""","""""","""18.4""","""""","""0.0""","""""","""0.4""","""""","""""","""M""","""""","""M""","""0.0""","""""","""""","""""","""""","""""","""<31""",""""""
"""2014-08-21""","""2014""","""08""","""21""","""†""","""22.1""","""""","""14.4""","""""","""18.3""","""""","""0.0""","""""","""0.3""","""""","""""","""M""","""""","""M""","""0.0""","""""","""""","""""","""""","""""","""<31""",""""""
"""2014-08-22""","""2014""","""08""","""22""","""†""","""21.7""","""""","""13.4""","""""","""17.6""","""""","""0.4""","""""","""0.0""","""""","""""","""M""","""""","""M""","""0.0""","""""","""""","""""","""""","""""","""<31""",""""""
"""2014-08-23""","""2014""","""08""","""23""","""†""","""23.4""","""""","""13.3""","""""","""18.4""","""""","""0.0""","""""","""0.4""","""""","""""","""M""","""""","""M""","""0.0""","""""","""""","""""","""""","""""","""<31""",""""""
"""2014-08-24""","""2014""","""08""","""24""","""†""","""23.3""","""""","""13.5""","""""","""18.4""","""""","""0.0""","""""","""0.4""","""""","""""","""M""","""""","""M""","""0.0""","""""","""""","""""","""""","""""","""<31""",""""""
"""2014-08-25""","""2014""","""08""","""25""","""†""","""23.5""","""""","""14.6""","""""","""19.1""","""""","""0.0""","""""","""1.1""","""""","""""","""M""","""""","""M""","""0.0""","""""","""""","""""","""""","""""","""<31""",""""""
"""2014-08-26""","""2014""","""08""","""26""","""†""","""24.5""","""""","""15.6""","""""","""20.1""","""""","""0.0""","""""","""2.1""","""""","""""","""M""","""""","""M""","""0.0""","""""","""""","""""","""""","""""","""<31""",""""""
"""2014-08-27""","""2014""","""08""","""27""","""†""","""26.4""","""""","""16.7""","""""","""21.6""","""""","""0.0""","""""","""3.6""","""""","""""","""M""","""""","""M""","""0.0""","""""","""""","""""","""""","""""","""<31""",""""""
"""2014-08-28""","""2014""","""08""","""28""","""†""","""23.8""","""""","""15.6""","""""","""19.7""","""""","""0.0""","""""","""1.7""","""""","""""","""M""","""""","""M""","""0.0""","""""","""""","""""","""""","""""","""<31""",""""""
"""2014-08-29""","""2014""","""08""","""29""","""†""","""20.9""","""""","""14.7""","""""","""17.8""","""""","""0.2""","""""","""0.0""","""""","""""","""M""","""""","""M""","""0.0""","""""","""""","""""","""""","""""","""<31""",""""""
"""2014-08-30""","""2014""","""08""","""30""","""†""","""20.6""","""""","""13.0""","""""","""16.8""","""""","""1.2""","""""","""0.0""","""""","""""","""M""","""""","""M""","""0.0""","""""","""""","""""","""""","""""","""<31""",""""""
"""2014-08-31""","""2014""","""08""","""31""","""†""","""22.0""","""""","""15.2""","""""","""18.6""","""""","""0.0""","""""","""0.6""","""""","""""","""M""","""""","""M""","""0.0""","""""","""""","""""","""""","""""","""<31""",""""""
"""2014-09-01""","""2014""","""09""","""01""","""†""","""21.7""","""""","""12.7""","""""","""17.2""","""""","""0.8""","""""","""0.0""","""""","""""","""M""","""""","""M""","""0.0""","""""","""""","""""","""""","""""","""<31""",""""""
"""2014-09-02""","""2014""","""09""","""02""","""†""","""17.5""","""""","""13.6""","""""","""15.6""","""""","""2.4""","""""","""0.0""","""""","""""","""M""","""""","""M""","""12.4""","""""","""""","""""","""26""","""""","""39""",""""""
"""2014-09-03""","""2014""","""09""","""03""","""†""","""18.8""","""""","""11.3""","""""","""15.1""","""""","""2.9""","""""","""0.0""","""""","""""","""M""","""""","""M""","""0.0""","""""","""""","""""","""""","""""","""<31""",""""""
"""2014-09-04""","""2014""","""09""","""04""","""†""","""19.9""","""""","""10.5""","""""","""15.2""","""""","""2.8""","""""","""0.0""","""""","""""","""M""","""""","""M""","""0.0""","""""","""""","""""","""""","""""","""<31""",""""""
"""2014-09-05""","""2014""","""09""","""05""","""†""","""20.9""","""""","""12.4""","""""","""16.7""","""""","""1.3""","""""","""0.0""","""""","""""","""M""","""""","""M""","""0.0""","""""","""""","""""","""""","""""","""<31""",""""""
"""2014-09-06""","""2014""","""09""","""06""","""†""","""22.5""","""""","""11.8""","""""","""17.2""","""""","""0.8""","""""","""0.0""","""""","""""","""M""","""""","""M""","""0.0""","""""","""""","""""","""""","""""","""<31""",""""""
"""2014-09-07""","""2014""","""09""","""07""","""†""","""23.2""","""""","""12.0""","""""","""17.6""","""""","""0.4""","""""","""0.0""","""""","""""","""M""","""""","""M""","""0.0""","""""","""""","""""","""""","""""","""<31""",""""""
"""2014-09-08""","""2014""","""09""","""08""","""†""","""21.7""","""""","""13.6""","""""","""17.7""","""""","""0.3""","""""","""0.0""","""""","""""","""M""","""""","""M""","""0.0""","""""","""""","""""","""""","""""","""<31""",""""""
"""2014-09-09""","""2014""","""09""","""09""","""†""","""20.1""","""""","""12.6""","""""","""16.4""","""""","""1.6""","""""","""0.0""","""""","""""","""M""","""""","""M""","""0.0""","""""","""""","""""","""""","""""","""<31""",""""""
"""2014-09-10""","""2014""","""09""","""10""","""†""","""19.7""","""""","""11.8""","""""","""15.8""","""""","""2.2""","""""","""0.0""","""""","""""","""M""","""""","""M""","""0.0""","""""","""""","""""","""""","""""","""<31""",""""""
"""2014-09-11""","""2014""","""09""","""11""","""†""","""20.3""","""""","""9.3""","""""","""14.8""","""""","""3.2""","""""","""0.0""","""""","""""","""M""","""""","""M""","""0.0""","""""","""""","""""","""""","""""","""<31""",""""""
"""2014-09-12""","""2014""","""09""","""12""","""†""","""20.3""","""""","""7.9""","""""","""14.1""","""""","""3.9""","""""","""0.0""","""""","""""","""M""","""""","""M""","""0.0""","""""","""""","""""","""""","""""","""<31""",""""""
"""2014-09-13""","""2014""","""09""","""13""","""†""","""21.8""","""""","""10.0""","""""","""15.9""","""""","""2.1""","""""","""0.0""","""""","""""","""M""","""""","""M""","""0.0""","""""","""""","""""","""""","""""","""<31""",""""""
"""2014-09-14""","""2014""","""09""","""14""","""†""","""21.5""","""""","""10.1""","""""","""15.8""","""""","""2.2""","""""","""0.0""","""""","""""","""M""","""""","""M""","""0.0""","""""","""""","""""","""""","""""","""<31""",""""""
"""2014-09-15""","""2014""","""09""","""15""","""†""","""22.3""","""""","""11.2""","""""","""16.8""","""""","""1.2""","""""","""0.0""","""""","""""","""M""","""""","""M""","""0.0""","""""","""""","""""","""""","""""","""<31""",""""""
"""2014-09-16""","""2014""","""09""","""16""","""†""","""23.3""","""""","""10.8""","""""","""17.1""","""""","""0.9""","""""","""0.0""","""""","""""","""M""","""""","""M""","""0.0""","""""","""""","""""","""""","""""","""<31""",""""""
"""2014-09-17""","""2014""","""09""","""17""","""†""","""19.1""","""""","""15.5""","""""","""17.3""","""""","""0.7""","""""","""0.0""","""""","""""","""M""","""""","""M""","""0.5""","""""","""""","""""","""""","""""","""<31""",""""""
"""2014-09-18""","""2014""","""09""","""18""","""†""","""17.8""","""""","""14.7""","""""","""16.3""","""""","""1.7""","""""","""0.0""","""""","""""","""M""","""""","""M""","""0.3""","""""","""""","""""","""""","""""","""<31""",""""""
"""2014-09-19""","""2014""","""09""","""19""","""†""","""20.2""","""""","""14.6""","""""","""17.4""","""""","""0.6""","""""","""0.0""","""""","""""","""M""","""""","""M""","""4.4""","""""","""""","""""","""""","""""","""<31""",""""""
"""2014-09-20""","""2014""","""09""","""20""","""†""","""20.2""","""""","""10.8""","""""","""15.5""","""""","""2.5""","""""","""0.0""","""""","""""","""M""","""""","""M""","""0.0""","""""","""""","""""","""""","""""","""<31""",""""""
"""2014-09-21""","""2014""","""09""","""21""","""†""","""25.8""","""""","""10.7""","""""","""18.3""","""""","""0.0""","""""","""0.3""","""""","""""","""M""","""""","""M""","""0.0""","""""","""""","""""","""""","""""","""<31""",""""""
"""2014-09-22""","""2014""","""09""","""22""","""†""","""21.5""","""""","""15.0""","""""","""18.3""","""""","""0.0""","""""","""0.3""","""""","""""","""M""","""""","""M""","""0.0""","""""","""""","""""","""""","""""","""<31""",""""""
"""2014-09-23""","""2014""","""09""","""23""","""†""","""19.1""","""""","""14.1""","""""","""16.6""","""""","""1.4""","""""","""0.0""","""""","""""","""M""","""""","""M""","""9.6""","""""","""""","""""","""9""","""""","""46""",""""""
"""2014-09-24""","""2014""","""09""","""24""","""†""","""20.0""","""""","""14.6""","""""","""17.3""","""""","""0.7""","""""","""0.0""","""""","""""","""M""","""""","""M""","""10.2""","""""","""""","""""","""14""","""""","""35""",""""""
"""2014-09-25""","""2014""","""09""","""25""","""†""","""20.7""","""""","""12.6""","""""","""16.7""","""""","""1.3""","""""","""0.0""","""""","""""","""M""","""""","""M""","""0.0""","""""","""""","""""","""""","""""","""<31""",""""""
"""2014-09-26""","""2014""","""09""","""26""","""†""","""16.8""","""""","""14.0""","""""","""15.4""","""""","""2.6""","""""","""0.0""","""""","""""","""M""","""""","""M""","""9.3""","""""","""""","""""","""13""","""""","""32""",""""""
"""2014-09-27""","""2014""","""09""","""27""","""†""","""17.1""","""""","""11.1""","""""","""14.1""","""""","""3.9""","""""","""0.0""","""""","""""","""M""","""""","""M""","""0.0""","""""","""""","""""","""""","""""","""<31""",""""""
"""2014-09-28""","""2014""","""09""","""28""","""†""","""17.3""","""""","""10.6""","""""","""14.0""","""""","""4.0""","""""","""0.0""","""""","""""","""M""","""""","""M""","""0.0""","""""","""""","""""","""""","""""","""<31""",""""""
"""2014-09-29""","""2014""","""09""","""29""","""†""","""15.3""","""""","""11.8""","""""","""13.6""","""""","""4.4""","""""","""0.0""","""""","""""","""M""","""""","""M""","""8.8""","""""","""""","""""","""""","""""","""<31""",""""""
"""2014-09-30""","""2014""","""09""","""30""","""†""","""17.0""","""""","""13.2""","""""","""15.1""","""""","""2.9""","""""","""0.0""","""""","""""","""M""","""""","""M""","""0.0""","""""","""""","""""","""26""","""""","""39""",""""""
"""2014-10-01""","""2014""","""10""","""01""","""†""","""16.7""","""""","""9.8""","""""","""13.3""","""""","""4.7""","""""","""0.0""","""""","""""","""M""","""""","""M""","""0.0""","""""","""""","""""","""""","""""","""<31""",""""""
"""2014-10-02""","""2014""","""10""","""02""","""†""","""16.5""","""""","""6.7""","""""","""11.6""","""""","""6.4""","""""","""0.0""","""""","""""","""M""","""""","""M""","""0.0""","""""","""""","""""","""""","""""","""<31""",""""""
"""2014-10-03""","""2014""","""10""","""03""","""†""","""17.9""","""""","""8.8""","""""","""13.4""","""""","""4.6""","""""","""0.0""","""""","""""","""M""","""""","""M""","""0.2""","""""","""""","""""","""""","""""","""<31""",""""""
"""2014-10-04""","""2014""","""10""","""04""","""†""","""19.8""","""""","""13.8""","""""","""16.8""","""""","""1.2""","""""","""0.0""","""""","""""","""M""","""""","""M""","""1.0""","""""","""""","""""","""""","""""","""<31""",""""""
"""2014-10-05""","""2014""","""10""","""05""","""†""","""19.3""","""""","""14.6""","""""","""17.0""","""""","""1.0""","""""","""0.0""","""""","""""","""M""","""""","""M""","""0.0""","""""","""""","""""","""""","""""","""<31""",""""""
"""2014-10-06""","""2014""","""10""","""06""","""†""","""18.0""","""""","""12.4""","""""","""15.2""","""""","""2.8""","""""","""0.0""","""""","""""","""M""","""""","""M""","""0.0""","""""","""""","""""","""""","""""","""<31""",""""""
"""2014-10-07""","""2014""","""10""","""07""","""†""","""18.4""","""""","""10.5""","""""","""14.5""","""""","""3.5""","""""","""0.0""","""""","""""","""M""","""""","""M""","""0.0""","""T""","""""","""""","""""","""""","""<31""",""""""
"""2014-10-08""","""2014""","""10""","""08""","""†""","""18.0""","""""","""11.5""","""""","""14.8""","""""","""3.2""","""""","""0.0""","""""","""""","""M""","""""","""M""","""0.0""","""""","""""","""""","""""","""""","""<31""",""""""
"""2014-10-09""","""2014""","""10""","""09""","""†""","""18.5""","""""","""13.3""","""""","""15.9""","""""","""2.1""","""""","""0.0""","""""","""""","""M""","""""","""M""","""0.0""","""""","""""","""""","""""","""""","""<31""",""""""
"""2014-10-10""","""2014""","""10""","""10""","""†""","""16.7""","""""","""9.9""","""""","""13.3""","""""","""4.7""","""""","""0.0""","""""","""""","""M""","""""","""M""","""0.8""","""""","""""","""""","""""","""""","""<31""",""""""
"""2014-10-11""","""2014""","""10""","""11""","""†""","""16.5""","""""","""10.1""","""""","""13.3""","""""","""4.7""","""""","""0.0""","""""","""""","""M""","""""","""M""","""4.7""","""""","""""","""""","""""","""""","""<31""",""""""
"""2014-10-12""","""2014""","""10""","""12""","""†""","""14.6""","""""","""9.1""","""""","""11.9""","""""","""6.1""","""""","""0.0""","""""","""""","""M""","""""","""M""","""3.7""","""""","""""","""""","""""","""""","""<31""",""""""
"""2014-10-13""","""2014""","""10""","""13""","""†""","""16.1""","""""","""11.7""","""""","""13.9""","""""","""4.1""","""""","""0.0""","""""","""""","""M""","""""","""M""","""15.2""","""""","""""","""""","""""","""""","""<31""",""""""
"""2014-10-14""","""2014""","""10""","""14""","""†""","""16.1""","""""","""10.5""","""""","""13.3""","""""","""4.7""","""""","""0.0""","""""","""""","""M""","""""","""M""","""2.4""","""""","""""","""""","""""","""""","""<31""",""""""
"""2014-10-15""","""2014""","""10""","""15""","""†""","""13.5""","""""","""9.7""","""""","""11.6""","""""","""6.4""","""""","""0.0""","""""","""""","""M""","""""","""M""","""14.0""","""""","""""","""""","""""","""""","""<31""",""""""
"""2014-10-16""","""2014""","""10""","""16""","""†""","""16.6""","""""","""10.1""","""""","""13.4""","""""","""4.6""","""""","""0.0""","""""","""""","""M""","""""","""M""","""0.0""","""""","""""","""""","""""","""""","""<31""",""""""
"""2014-10-17""","""2014""","""10""","""17""","""†""","""14.9""","""""","""11.1""","""""","""13.0""","""""","""5.0""","""""","""0.0""","""""","""""","""M""","""""","""M""","""10.1""","""""","""""","""""","""9""","""""","""33""",""""""
"""2014-10-18""","""2014""","""10""","""18""","""†""","""19.4""","""""","""11.8""","""""","""15.6""","""""","""2.4""","""""","""0.0""","""""","""""","""M""","""""","""M""","""0.2""","""""","""""","""""","""""","""""","""<31""",""""""
"""2014-10-19""","""2014""","""10""","""19""","""†""","""21.6""","""""","""13.3""","""""","""17.5""","""""","""0.5""","""""","""0.0""","""""","""""","""M""","""""","""M""","""1.8""","""""","""""","""""","""12""","""""","""33""",""""""
"""2014-10-20""","""2014""","""10""","""20""","""†""","""17.7""","""""","""12.3""","""""","""15.0""","""""","""3.0""","""""","""0.0""","""""","""""","""M""","""""","""M""","""3.2""","""""","""""","""""","""""","""""","""<31""",""""""
"""2014-10-21""","""2014""","""10""","""21""","""†""","""15.0""","""""","""11.9""","""""","""13.5""","""""","""4.5""","""""","""0.0""","""""","""""","""M""","""""","""M""","""4.3""","""""","""""","""""","""14""","""""","""37""",""""""
"""2014-10-22""","""2014""","""10""","""22""","""†""","""15.0""","""""","""11.1""","""""","""13.1""","""""","""4.9""","""""","""0.0""","""""","""""","""M""","""""","""M""","""19.6""","""""","""""","""""","""11""","""""","""59""",""""""
"""2014-10-23""","""2014""","""10""","""23""","""†""","""14.0""","""""","""6.7""","""""","""10.4""","""""","""7.6""","""""","""0.0""","""""","""""","""M""","""""","""M""","""9.2""","""""","""""","""""","""16""","""""","""35""",""""""
"""2014-10-24""","""2014""","""10""","""24""","""†""","""14.0""","""""","""8.3""","""""","""11.2""","""""","""6.8""","""""","""0.0""","""""","""""","""M""","""""","""M""","""0.0""","""""","""""","""""","""""","""""","""<31""",""""""
"""2014-10-25""","""2014""","""10""","""25""","""†""","""12.7""","""""","""8.7""","""""","""10.7""","""""","""7.3""","""""","""0.0""","""""","""""","""M""","""""","""M""","""30.5""","""""","""""","""""","""27""","""""","""52""",""""""
"""2014-10-26""","""2014""","""10""","""26""","""†""","""12.3""","""""","""4.6""","""""","""8.5""","""""","""9.5""","""""","""0.0""","""""","""""","""M""","""""","""M""","""0.4""","""""","""""","""""","""28""","""""","""50""",""""""
"""2014-10-27""","""2014""","""10""","""27""","""†""","""12.8""","""""","""8.2""","""""","""10.5""","""""","""7.5""","""""","""0.0""","""""","""""","""M""","""""","""M""","""1.5""","""""","""""","""""","""""","""""","""<31""",""""""
"""2014-10-28""","""2014""","""10""","""28""","""†""","""13.3""","""""","""9.3""","""""","""11.3""","""""","""6.7""","""""","""0.0""","""""","""""","""M""","""""","""M""","""13.4""","""""","""""","""""","""13""","""""","""37""",""""""
"""2014-10-29""","""2014""","""10""","""29""","""†""","""17.4""","""""","""11.1""","""""","""14.3""","""""","""3.7""","""""","""0.0""","""""","""""","""M""","""""","""M""","""5.2""","""""","""""","""""","""""","""""","""<31""",""""""
"""2014-10-30""","""2014""","""10""","""30""","""†""","""13.1""","""""","""11.0""","""""","""12.1""","""""","""5.9""","""""","""0.0""","""""","""""","""M""","""""","""M""","""13.9""","""""","""""","""""","""""","""""","""<31""",""""""
"""2014-10-31""","""2014""","""10""","""31""","""†""","""11.5""","""""","""9.3""","""""","""10.4""","""""","""7.6""","""""","""0.0""","""""","""""","""M""","""""","""M""","""5.3""","""""","""""","""""","""""","""""","""<31""",""""""
"""2014-11-01""","""2014""","""11""","""01""","""†""","""11.7""","""""","""3.5""","""""","""7.6""","""""","""10.4""","""""","""0.0""","""""","""""","""M""","""""","""M""","""0.0""","""""","""""","""""","""""","""""","""<31""",""""""
"""2014-11-02""","""2014""","""11""","""02""","""†""","""10.7""","""""","""4.6""","""""","""7.7""","""""","""10.3""","""""","""0.0""","""""","""""","""M""","""""","""M""","""9.1""","""""","""""","""""","""""","""""","""<31""",""""""
"""2014-11-03""","""2014""","""11""","""03""","""†""","""12.5""","""""","""9.2""","""""","""10.9""","""""","""7.1""","""""","""0.0""","""""","""""","""M""","""""","""M""","""25.3""","""""","""""","""""","""12""","""""","""35""",""""""
"""2014-11-04""","""2014""","""11""","""04""","""†""","""13.7""","""""","""8.8""","""""","""11.3""","""""","""6.7""","""""","""0.0""","""""","""""","""M""","""""","""M""","""5.4""","""""","""""","""""","""17""","""""","""39""",""""""
"""2014-11-05""","""2014""","""11""","""05""","""†""","""12.9""","""""","""9.0""","""""","""11.0""","""""","""7.0""","""""","""0.0""","""""","""""","""M""","""""","""M""","""5.0""","""""","""""","""""","""""","""""","""<31""",""""""
"""2014-11-06""","""2014""","""11""","""06""","""†""","""15.7""","""""","""10.4""","""""","""13.1""","""""","""4.9""","""""","""0.0""","""""","""""","""M""","""""","""M""","""32.0""","""""","""""","""""","""21""","""""","""48""",""""""
"""2014-11-07""","""2014""","""11""","""07""","""†""","""14.2""","""""","""6.9""","""""","""10.6""","""""","""7.4""","""""","""0.0""","""""","""""","""M""","""""","""M""","""0.2""","""""","""""","""""","""""","""""","""<31""",""""""
"""2014-11-08""","""2014""","""11""","""08""","""†""","""11.1""","""""","""4.2""","""""","""7.7""","""""","""10.3""","""""","""0.0""","""""","""""","""M""","""""","""M""","""0.0""","""""","""""","""""","""""","""""","""<31""",""""""
"""2014-11-09""","""2014""","""11""","""09""","""†""","""11.1""","""""","""4.0""","""""","""7.6""","""""","""10.4""","""""","""0.0""","""""","""""","""M""","""""","""M""","""15.6""","""""","""""","""""","""30""","""""","""35""",""""""
"""2014-11-10""","""2014""","""11""","""10""","""†""","""10.1""","""""","""1.0""","""""","""5.6""","""""","""12.4""","""""","""0.0""","""""","""""","""M""","""""","""M""","""0.0""","""""","""""","""""","""""","""""","""<31""",""""""
"""2014-11-11""","""2014""","""11""","""11""","""†""","""8.7""","""""","""1.3""","""""","""5.0""","""""","""13.0""","""""","""0.0""","""""","""""","""M""","""""","""M""","""0.0""","""""","""""","""""","""8""","""""","""46""",""""""
"""2014-11-12""","""2014""","""11""","""12""","""†""","""8.6""","""""","""-2.8""","""""","""2.9""","""""","""15.1""","""""","""0.0""","""""","""""","""M""","""""","""M""","""0.0""","""""","""""","""""","""""","""""","""<31""",""""""
"""2014-11-13""","""2014""","""11""","""13""","""†""","""6.9""","""""","""-3.6""","""""","""1.7""","""""","""16.3""","""""","""0.0""","""""","""""","""M""","""""","""M""","""0.0""","""""","""""","""""","""""","""""","""<31""",""""""
"""2014-11-14""","""2014""","""11""","""14""","""†""","""7.3""","""""","""-3.8""","""""","""1.8""","""""","""16.2""","""""","""0.0""","""""","""""","""M""","""""","""M""","""""","""M""","""""","""""","""""","""""","""<31""",""""""
"""2014-11-15""","""2014""","""11""","""15""","""†""","""6.9""","""""","""-4.6""","""""","""1.2""","""""","""16.8""","""""","""0.0""","""""","""""","""M""","""""","""M""","""0.0""","""""","""""","""""","""""","""""","""<31""",""""""
"""2014-11-16""","""2014""","""11""","""16""","""†""","""6.3""","""""","""-4.9""","""""","""0.7""","""""","""17.3""","""""","""0.0""","""""","""""","""M""","""""","""M""","""0.0""","""""","""""","""""","""""","""""","""<31""",""""""
"""2014-11-17""","""2014""","""11""","""17""","""†""","""7.0""","""""","""-3.3""","""""","""1.9""","""""","""16.1""","""""","""0.0""","""""","""""","""M""","""""","""M""","""0.0""","""""","""""","""""","""""","""""","""<31""",""""""
"""2014-11-18""","""2014""","""11""","""18""","""†""","""8.4""","""""","""-1.1""","""""","""3.7""","""""","""14.3""","""""","""0.0""","""""","""""","""M""","""""","""M""","""0.0""","""""","""""","""""","""""","""""","""<31""",""""""
"""2014-11-19""","""2014""","""11""","""19""","""†""","""8.5""","""""","""1.8""","""""","""5.2""","""""","""12.8""","""""","""0.0""","""""","""""","""M""","""""","""M""","""0.0""","""""","""""","""""","""""","""""","""<31""",""""""
"""2014-11-20""","""2014""","""11""","""20""","""†""","""10.1""","""""","""6.3""","""""","""8.2""","""""","""9.8""","""""","""0.0""","""""","""""","""M""","""""","""M""","""6.7""","""""","""""","""""","""""","""""","""<31""",""""""
"""2014-11-21""","""2014""","""11""","""21""","""†""","""9.9""","""""","""8.0""","""""","""9.0""","""""","""9.0""","""""","""0.0""","""""","""""","""M""","""""","""M""","""25.6""","""""","""""","""""","""25""","""""","""50""",""""""
"""2014-11-22""","""2014""","""11""","""22""","""†""","""11.7""","""""","""4.0""","""""","""7.9""","""""","""10.1""","""""","""0.0""","""""","""""","""M""","""""","""M""","""5.1""","""""","""""","""""","""27""","""""","""52""",""""""
"""2014-11-23""","""2014""","""11""","""23""","""†""","""10.0""","""""","""3.7""","""""","""6.9""","""""","""11.1""","""""","""0.0""","""""","""""","""M""","""""","""M""","""10.7""","""""","""""","""""","""21""","""""","""46""",""""""
"""2014-11-24""","""2014""","""11""","""24""","""†""","""8.0""","""""","""3.0""","""""","""5.5""","""""","""12.5""","""""","""0.0""","""""","""""","""M""","""""","""M""","""6.7""","""""","""""","""""","""""","""""","""<31""",""""""
"""2014-11-25""","""2014""","""11""","""25""","""†""","""7.8""","""""","""5.4""","""""","""6.6""","""""","""11.4""","""""","""0.0""","""""","""""","""M""","""""","""M""","""26.9""","""""","""""","""""","""""","""""","""<31""",""""""
"""2014-11-26""","""2014""","""11""","""26""","""†""","""11.7""","""""","""5.4""","""""","""8.6""","""""","""9.4""","""""","""0.0""","""""","""""","""M""","""""","""M""","""6.7""","""""","""""","""""","""""","""""","""<31""",""""""
"""2014-11-27""","""2014""","""11""","""27""","""†""","""14.0""","""""","""10.4""","""""","""12.2""","""""","""5.8""","""""","""0.0""","""""","""""","""M""","""""","""M""","""6.2""","""""","""""","""""","""17""","""""","""44""",""""""
"""2014-11-28""","""2014""","""11""","""28""","""†""","""12.7""","""""","""2.5""","""""","""7.6""","""""","""10.4""","""""","""0.0""","""""","""""","""M""","""""","""M""","""19.3""","""""","""""","""""","""27""","""""","""56""",""""""
"""2014-11-29""","""2014""","""11""","""29""","""†""","""2.6""","""""","""-6.4""","""""","""-1.9""","""""","""19.9""","""""","""0.0""","""""","""""","""M""","""""","""M""","""2.0""","""""","""""","""""","""27""","""""","""41""",""""""
"""2014-11-30""","""2014""","""11""","""30""","""†""","""1.0""","""""","""-8.3""","""""","""-3.7""","""""","""21.7""","""""","""0.0""","""""","""""","""M""","""""","""M""","""0.0""","""""","""""","""""","""""","""""","""<31""",""""""
"""2014-12-01""","""2014""","""12""","""01""","""†""","""3.8""","""""","""-5.8""","""""","""-1.0""","""""","""19.0""","""""","""0.0""","""""","""""","""M""","""""","""M""","""0.0""","""""","""""","""""","""""","""""","""<31""",""""""
"""2014-12-02""","""2014""","""12""","""02""","""†""","""4.1""","""""","""-5.8""","""""","""-0.9""","""""","""18.9""","""""","""0.0""","""""","""""","""M""","""""","""M""","""0.2""","""""","""""","""""","""""","""""","""<31""",""""""
"""2014-12-03""","""2014""","""12""","""03""","""†""","""5.4""","""""","""-4.7""","""""","""0.4""","""""","""17.6""","""""","""0.0""","""""","""""","""M""","""""","""M""","""0.0""","""""","""""","""""","""""","""""","""<31""",""""""
"""2014-12-04""","""2014""","""12""","""04""","""†""","""4.8""","""""","""-1.7""","""""","""1.6""","""""","""16.4""","""""","""0.0""","""""","""""","""M""","""""","""M""","""2.5""","""""","""""","""""","""""","""""","""<31""",""""""
"""2014-12-05""","""2014""","""12""","""05""","""†""","""7.4""","""""","""3.2""","""""","""5.3""","""""","""12.7""","""""","""0.0""","""""","""""","""M""","""""","""M""","""3.0""","""""","""""","""""","""""","""""","""<31""",""""""
"""2014-12-06""","""2014""","""12""","""06""","""†""","""9.7""","""""","""4.6""","""""","""7.2""","""""","""10.8""","""""","""0.0""","""""","""""","""M""","""""","""M""","""21.8""","""""","""""","""""","""""","""""","""<31""",""""""
"""2014-12-07""","""2014""","""12""","""07""","""†""","""11.2""","""""","""5.0""","""""","""8.1""","""""","""9.9""","""""","""0.0""","""""","""""","""M""","""""","""M""","""0.0""","""""","""""","""""","""""","""""","""<31""",""""""
"""2014-12-08""","""2014""","""12""","""08""","""†""","""12.7""","""""","""5.6""","""""","""9.2""","""""","""8.8""","""""","""0.0""","""""","""""","""M""","""""","""M""","""14.4""","""""","""""","""""","""10""","""""","""39""",""""""
"""2014-12-09""","""2014""","""12""","""09""","""†""","""15.2""","""""","""10.2""","""""","""12.7""","""""","""5.3""","""""","""0.0""","""""","""""","""M""","""""","""M""","""22.9""","""""","""""","""""","""14""","""""","""44""",""""""
"""2014-12-10""","""2014""","""12""","""10""","""†""","""14.4""","""""","""8.9""","""""","""11.7""","""""","""6.3""","""""","""0.0""","""""","""""","""M""","""""","""M""","""23.9""","""""","""""","""""","""11""","""""","""44""",""""""
"""2014-12-11""","""2014""","""12""","""11""","""†""","""13.2""","""""","""7.3""","""""","""10.3""","""""","""7.7""","""""","""0.0""","""""","""""","""M""","""""","""M""","""7.8""","""""","""""","""""","""14""","""""","""56""",""""""
"""2014-12-12""","""2014""","""12""","""12""","""†""","""13.5""","""""","""4.4""","""""","""9.0""","""""","""9.0""","""""","""0.0""","""""","""""","""M""","""""","""M""","""2.6""","""""","""""","""""","""18""","""""","""61""",""""""
"""2014-12-13""","""2014""","""12""","""13""","""†""","""7.8""","""""","""2.3""","""""","""5.1""","""""","""12.9""","""""","""0.0""","""""","""""","""M""","""""","""M""","""0.0""","""""","""""","""""","""""","""""","""<31""",""""""
"""2014-12-14""","""2014""","""12""","""14""","""†""","""8.3""","""""","""-0.7""","""""","""3.8""","""""","""14.2""","""""","""0.0""","""""","""""","""M""","""""","""M""","""0.0""","""T""","""""","""""","""""","""""","""<31""",""""""
"""2014-12-15""","""2014""","""12""","""15""","""†""","""7.0""","""""","""-2.7""","""""","""2.2""","""""","""15.8""","""""","""0.0""","""""","""""","""M""","""""","""M""","""0.0""","""""","""""","""""","""""","""""","""<31""",""""""
"""2014-12-16""","""2014""","""12""","""16""","""†""","""9.0""","""""","""4.2""","""""","""6.6""","""""","""11.4""","""""","""0.0""","""""","""""","""M""","""""","""M""","""0.0""","""T""","""""","""""","""""","""""","""<31""",""""""
"""2014-12-17""","""2014""","""12""","""17""","""†""","""8.8""","""""","""5.2""","""""","""7.0""","""""","""11.0""","""""","""0.0""","""""","""""","""M""","""""","""M""","""0.7""","""""","""""","""""","""""","""""","""<31""",""""""
"""2014-12-18""","""2014""","""12""","""18""","""†""","""9.2""","""""","""6.5""","""""","""7.9""","""""","""10.1""","""""","""0.0""","""""","""""","""M""","""""","""M""","""5.9""","""""","""""","""""","""8""","""""","""33""",""""""
"""2014-12-19""","""2014""","""12""","""19""","""†""","""9.5""","""""","""6.1""","""""","""7.8""","""""","""10.2""","""""","""0.0""","""""","""""","""M""","""""","""M""","""3.1""","""""","""""","""""","""20""","""""","""35""",""""""
"""2014-12-20""","""2014""","""12""","""20""","""†""","""9.1""","""""","""6.1""","""""","""7.6""","""""","""10.4""","""""","""0.0""","""""","""""","""M""","""""","""M""","""24.5""","""""","""""","""""","""7""","""""","""39""",""""""
"""2014-12-21""","""2014""","""12""","""21""","""†""","""9.8""","""""","""3.4""","""""","""6.6""","""""","""11.4""","""""","""0.0""","""""","""""","""M""","""""","""M""","""1.9""","""""","""""","""""","""""","""""","""<31""",""""""
"""2014-12-22""","""2014""","""12""","""22""","""†""","""8.5""","""""","""4.5""","""""","""6.5""","""""","""11.5""","""""","""0.0""","""""","""""","""M""","""""","""M""","""""","""M""","""""","""""","""""","""""","""<31""",""""""
"""2014-12-23""","""2014""","""12""","""23""","""†""","""7.3""","""""","""5.4""","""""","""6.4""","""""","""11.6""","""""","""0.0""","""""","""""","""M""","""""","""M""","""4.5""","""""","""""","""""","""8""","""""","""32""",""""""
"""2014-12-24""","""2014""","""12""","""24""","""†""","""7.6""","""""","""3.4""","""""","""5.5""","""""","""12.5""","""""","""0.0""","""""","""""","""M""","""""","""M""","""1.2""","""""","""""","""""","""27""","""""","""41""",""""""
"""2014-12-25""","""2014""","""12""","""25""","""†""","""7.9""","""""","""0.5""","""""","""4.2""","""""","""13.8""","""""","""0.0""","""""","""""","""M""","""""","""M""","""0.0""","""""","""""","""""","""""","""""","""<31""",""""""
"""2014-12-26""","""2014""","""12""","""26""","""†""","""5.1""","""""","""0.9""","""""","""3.0""","""""","""15.0""","""""","""0.0""","""""","""""","""M""","""""","""M""","""0.0""","""""","""""","""""","""""","""""","""<31""",""""""
"""2014-12-27""","""2014""","""12""","""27""","""†""","""7.3""","""""","""3.5""","""""","""5.4""","""""","""12.6""","""""","""0.0""","""""","""""","""M""","""""","""M""","""10.1""","""""","""""","""""","""29""","""""","""43""",""""""
"""2014-12-28""","""2014""","""12""","""28""","""†""","""5.0""","""""","""-1.6""","""""","""1.7""","""""","""16.3""","""""","""0.0""","""""","""""","""M""","""""","""M""","""0.0""","""""","""""","""""","""""","""""","""<31""",""""""
"""2014-12-29""","""2014""","""12""","""29""","""†""","""6.6""","""""","""-2.4""","""""","""2.1""","""""","""15.9""","""""","""0.0""","""""","""""","""M""","""""","""M""","""0.0""","""""","""""","""""","""""","""""","""<31""",""""""
"""2014-12-30""","""2014""","""12""","""30""","""†""","""3.1""","""""","""-5.3""","""""","""-1.1""","""""","""19.1""","""""","""0.0""","""""","""""","""M""","""""","""M""","""0.0""","""T""","""""","""""","""9""","""""","""33""",""""""
"""2014-12-31""","""2014""","""12""","""31""","""†""","""3.4""","""""","""-5.1""","""""","""-0.9""","""""","""18.9""","""""","""0.0""","""""","""""","""M""","""""","""M""","""""","""M""","""""","""""","""""","""""","""<31""",""""""
