Date/Time,Year,Month,Day,Data Quality,Max Temp (°C),Max Temp Flag,Min Temp (°C),Min Temp Flag,Mean Temp (°C),Mean Temp Flag,Heat Deg Days (°C),Heat Deg Days Flag,Cool Deg Days (°C),Cool Deg Days Flag,Total Rain (mm),Total Rain Flag,Total Snow (cm),Total Snow Flag,Total Precip (mm),Total Precip Flag,Snow on Grnd (cm),Snow on Grnd Flag,Dir of Max Gust (10s deg),Dir of Max Gust Flag,Spd of Max Gust (km/h),Spd of Max Gust Flag
2008-01-01,2008,01,01,†,6.8,,2.7,,4.8,,13.2,,0.0,,,M,,M,0.0,,,,,M,,M
2008-01-02,2008,01,02,†,7.8,,4.3,,6.1,,11.9,,0.0,,,M,,M,14.4,,,,,M,,M
2008-01-03,2008,01,03,†,9.8,,5.6,,7.7,,10.3,,0.0,,,M,,M,1.6,,,,,M,,M
2008-01-04,2008,01,04,†,10.6,,6.7,,8.7,,9.3,,0.0,,,M,,M,5.6,,,,,M,,M
2008-01-05,2008,01,05,†,10.3,,4.9,,7.6,,10.4,,0.0,,,M,,M,2.4,,,,,M,,M
2008-01-06,2008,01,06,†,5.1,,2.1,,3.6,,14.4,,0.0,,,M,,M,8.4,,,,,M,,M
2008-01-07,2008,01,07,†,4.6,,1.6,,3.1,,14.9,,0.0,,,M,,M,4.2,,,,,M,,M
2008-01-08,2008,01,08,†,5.0,,1.6,,3.3,,14.7,,0.0,,,M,,M,10.8,,,,,M,,M
2008-01-09,2008,01,09,†,5.4,,3.2,,4.3,,13.7,,0.0,,,M,,M,5.2,,,,,M,,M
2008-01-10,2008,01,10,†,6.2,,2.5,,4.4,,13.6,,0.0,,,M,,M,39.2,,,,,M,,M
2008-01-11,2008,01,11,†,7.9,,4.8,,6.4,,11.6,,0.0,,,M,,M,9.4,,,,,M,,M
2008-01-12,2008,01,12,†,8.0,,6.0,,7.0,,11.0,,0.0,,,M,,M,7.2,,,,,M,,M
2008-01-13,2008,01,13,†,8.5,,5.1,,6.8,,11.2,,0.0,,,M,,M,1.2,,,,,M,,M
2008-01-14,2008,01,14,†,7.6,,3.0,,5.3,,12.7,,0.0,,,M,,M,19.0,,,,,M,,M
2008-01-15,2008,01,15,†,4.3,,0.4,,2.4,,15.6,,0.0,,,M,,M,0.0,,,,,M,,M
2008-01-16,2008,01,16,†,2.5,,0.2,,1.4,,16.6,,0.0,,,M,,M,0.0,,,,,M,,M
2008-01-17,2008,01,17,†,3.1,,1.4,,2.3,,15.7,,0.0,,,M,,M,0.0,,,,,M,,M
2008-01-18,2008,01,18,†,3.8,,2.3,,3.1,,14.9,,0.0,,,M,,M,0.0,,,,,M,,M
2008-01-19,2008,01,19,†,4.5,,2.2,,3.4,,14.6,,0.0,,,M,,M,11.4,,,,,M,,M
2008-01-20,2008,01,20,†,7.0,,1.1,,4.1,,13.9,,0.0,,,M,,M,0.0,,,,,M,,M
2008-01-21,2008,01,21,†,5.2,,-1.4,,1.9,,16.1,,0.0,,,M,,M,0.0,,,,,M,,M
2008-01-22,2008,01,22,†,3.6,,-1.8,,0.9,,17.1,,0.0,,,M,,M,0.0,,,,,M,,M
2008-01-23,2008,01,23,†,4.8,,-1.6,,1.6,,16.4,,0.0,,,M,,M,0.0,,,,,M,,M
2008-01-24,2008,01,24,†,5.1,,-0.9,,2.1,,15.9,,0.0,,,M,,M,0.0,,,,,M,,M
2008-01-25,2008,01,25,†,4.8,,-0.6,,2.1,,15.9,,0.0,,,M,,M,0.0,,,,,M,,M
2008-01-26,2008,01,26,†,4.8,,1.0,,2.9,,15.1,,0.0,,,M,,M,6.6,,,,,M,,M
2008-01-27,2008,01,27,†,3.1,,0.6,,1.9,,16.1,,0.0,,,M,,M,0.0,,,,,M,,M
2008-01-28,2008,01,28,†,1.2,,-2.5,,-0.7,,18.7,,0.0,,,M,,M,0.0,,,,,M,,M
2008-01-29,2008,01,29,†,2.7,,-0.3,,1.2,,16.8,,0.0,,,M,,M,9.4,,,,,M,,M
2008-01-30,2008,01,30,†,4.1,,0.5,,2.3,,15.7,,0.0,,,M,,M,14.0,,,,,M,,M
2008-01-31,2008,01,31,†,6.4,,3.0,,4.7,,13.3,,0.0,,,M,,M,4.6,,,,,M,,M
2008-02-01,2008,02,01,†,5.7,,2.1,,3.9,,14.1,,0.0,,,M,,M,0.8,,,,,M,,M
2008-02-02,2008,02,02,†,6.6,,1.4,,4.0,,14.0,,0.0,,,M,,M,1.6,,,,,M,,M
2008-02-03,2008,02,03,†,5.5,,0.6,,3.1,,14.9,,0.0,,,M,,M,0.0,,,,,M,,M
2008-02-04,2008,02,04,†,3.6,,-0.7,,1.5,,16.5,,0.0,,,M,,M,1.2,,,,,M,,M
2008-02-05,2008,02,05,†,8.5,,1.9,,5.2,,12.8,,0.0,,,M,,M,19.8,,,,,M,,M
2008-02-06,2008,02,06,†,5.7,,0.9,,3.3,,14.7,,0.0,,,M,,M,13.8,,,,,M,,M
2008-02-07,2008,02,07,†,9.2,,1.1,,5.2,,12.8,,0.0,,,M,,M,11.2,,,,,M,,M
2008-02-08,2008,02,08,†,8.7,,4.8,,6.8,,11.2,,0.0,,,M,,M,0.4,,,,,M,,M
2008-02-09,2008,02,09,†,6.8,,4.1,,5.5,,12.5,,0.0,,,M,,M,4.6,,,,,M,,M
2008-02-10,2008,02,10,†,9.8,,3.5,,6.7,,11.3,,0.0,,,M,,M,0.8,,,,,M,,M
2008-02-11,2008,02,11,†,5.5,,3.7,,4.6,,13.4,,0.0,,,M,,M,16.6,,,,,M,,M
2008-02-12,2008,02,12,†,9.5,,5.2,,7.4,,10.6,,0.0,,,M,,M,4.2,,,,,M,,M
2008-02-13,2008,02,13,†,7.9,,1.9,,4.9,,13.1,,0.0,,,M,,M,0.0,,,,,M,,M
2008-02-14,2008,02,14,†,6.1,,4.0,,5.1,,12.9,,0.0,,,M,,M,0.0,,,,,M,,M
2008-02-15,2008,02,15,†,5.3,,3.8,,4.6,,13.4,,0.0,,,M,,M,11.8,,,,,M,,M
2008-02-16,2008,02,16,†,7.5,,3.9,,5.7,,12.3,,0.0,,,M,,M,0.0,,,,,M,,M
2008-02-17,2008,02,17,†,8.4,,0.5,,4.5,,13.5,,0.0,,,M,,M,0.0,,,,,M,,M
2008-02-18,2008,02,18,†,9.7,,0.8,,5.3,,12.7,,0.0,,,M,,M,0.0,,,,,M,,M
2008-02-19,2008,02,19,†,10.9,,1.0,,6.0,,12.0,,0.0,,,M,,M,0.0,,,,,M,,M
2008-02-20,2008,02,20,†,10.3,,5.7,,8.0,,10.0,,0.0,,,M,,M,0.4,,,,,M,,M
2008-02-21,2008,02,21,†,10.6,,2.3,,6.5,,11.5,,0.0,,,M,,M,0.0,,,,,M,,M
2008-02-22,2008,02,22,†,14.4,,5.4,,9.9,,8.1,,0.0,,,M,,M,0.0,,,,,M,,M
2008-02-23,2008,02,23,†,11.8,,4.3,,8.1,,9.9,,0.0,,,M,,M,1.0,,,,,M,,M
2008-02-24,2008,02,24,†,11.2,,1.4,,6.3,,11.7,,0.0,,,M,,M,0.0,,,,,M,,M
2008-02-25,2008,02,25,†,12.8,,5.4,,9.1,,8.9,,0.0,,,M,,M,0.0,,,,,M,,M
2008-02-26,2008,02,26,†,11.0,,7.3,,9.2,,8.8,,0.0,,,M,,M,0.4,,,,,M,,M
2008-02-27,2008,02,27,†,8.8,,7.1,,8.0,,10.0,,0.0,,,M,,M,3.2,,,,,M,,M
2008-02-28,2008,02,28,†,13.1,,6.0,,9.6,,8.4,,0.0,,,M,,M,0.0,,,,,M,,M
2008-02-29,2008,02,29,†,10.0,,5.6,,7.8,,10.2,,0.0,,,M,,M,3.2,,,,,M,,M
2008-03-01,2008,03,01,†,10.8,,4.6,,7.7,,10.3,,0.0,,,M,,M,0.4,,,,,M,,M
2008-03-02,2008,03,02,†,8.3,,3.0,,5.7,,12.3,,0.0,,,M,,M,2.8,,,,,M,,M
2008-03-03,2008,03,03,†,6.5,,3.3,,4.9,,13.1,,0.0,,,M,,M,14.8,,,,,M,,M
2008-03-04,2008,03,04,†,8.9,,1.5,,5.2,,12.8,,0.0,,,M,,M,0.0,,,,,M,,M
2008-03-05,2008,03,05,†,8.2,,1.7,,5.0,,13.0,,0.0,,,M,,M,0.0,,,,,M,,M
2008-03-06,2008,03,06,†,11.9,,1.5,,6.7,,11.3,,0.0,,,M,,M,0.0,,,,,M,,M
2008-03-07,2008,03,07,†,10.1,,6.5,,8.3,,9.7,,0.0,,,M,,M,3.0,,,,,M,,M
2008-03-08,2008,03,08,†,12.9,,6.4,,9.7,,8.3,,0.0,,,M,,M,3.2,,,,,M,,M
2008-03-09,2008,03,09,†,11.0,,6.2,,8.6,,9.4,,0.0,,,M,,M,0.0,,,,,M,,M
2008-03-10,2008,03,10,†,11.0,,7.4,,9.2,,8.8,,0.0,,,M,,M,13.6,,,,,M,,M
2008-03-11,2008,03,11,†,9.8,,5.4,,7.6,,10.4,,0.0,,,M,,M,2.0,,,,,M,,M
2008-03-12,2008,03,12,†,9.8,,4.5,,7.2,,10.8,,0.0,,,M,,M,0.0,,,,,M,,M
2008-03-13,2008,03,13,†,10.8,,4.1,,7.5,,10.5,,0.0,,,M,,M,0.0,,,,,M,,M
2008-03-14,2008,03,14,†,7.9,,5.1,,6.5,,11.5,,0.0,,,M,,M,2.6,,,,,M,,M
2008-03-15,2008,03,15,†,9.8,,5.5,,7.7,,10.3,,0.0,,,M,,M,0.0,,,,,M,,M
2008-03-16,2008,03,16,†,8.6,,1.3,,5.0,,13.0,,0.0,,,M,,M,,M,,,,M,,M
2008-03-17,2008,03,17,†,8.5,,3.6,,6.1,,11.9,,0.0,,,M,,M,6.0,,,,,M,,M
2008-03-18,2008,03,18,†,10.2,,5.0,,7.6,,10.4,,0.0,,,M,,M,0.0,,,,,M,,M
2008-03-19,2008,03,19,†,8.1,,4.4,,6.3,,11.7,,0.0,,,M,,M,5.6,,,,,M,,M
2008-03-20,2008,03,20,†,8.1,,4.9,,6.5,,11.5,,0.0,,,M,,M,3.6,,,,,M,,M
2008-03-21,2008,03,21,†,9.9,,2.0,,6.0,,12.0,,0.0,,,M,,M,6.4,,,,,M,,M
2008-03-22,2008,03,22,†,10.9,,4.5,,7.7,,10.3,,0.0,,,M,,M,0.0,,,,,M,,M
2008-03-23,2008,03,23,†,9.9,,3.2,,6.6,,11.4,,0.0,,,M,,M,8.2,,,,,M,,M
2008-03-24,2008,03,24,†,10.3,,3.2,,6.8,,11.2,,0.0,,,M,,M,0.2,,,,,M,,M
2008-03-25,2008,03,25,†,7.7,,3.0,,5.4,,12.6,,0.0,,,M,,M,3.2,,,,,M,,M
2008-03-26,2008,03,26,†,9.3,,3.4,,6.4,,11.6,,0.0,,,M,,M,6.2,,,,,M,,M
2008-03-27,2008,03,27,†,7.1,,2.6,,4.9,,13.1,,0.0,,,M,,M,0.2,,,,,M,,M
2008-03-28,2008,03,28,†,5.7,,1.6,,3.7,,14.3,,0.0,,,M,,M,1.4,,,,,M,,M
2008-03-29,2008,03,29,†,6.6,,1.4,,4.0,,14.0,,0.0,,,M,,M,22.4,,,,,M,,M
2008-03-30,2008,03,30,†,8.4,,1.2,,4.8,,13.2,,0.0,,,M,,M,1.2,,,,,M,,M
2008-03-31,2008,03,31,†,8.1,,1.1,,4.6,,13.4,,0.0,,,M,,M,0.0,,,,,M,,M
2008-04-01,2008,04,01,†,7.4,,0.2,,3.8,,14.2,,0.0,,,M,,M,0.0,,,,,M,,M
2008-04-02,2008,04,02,†,10.4,,1.0,,5.7,,12.3,,0.0,,,M,,M,0.0,,,,,M,,M
2008-04-03,2008,04,03,†,11.8,,3.0,,7.4,,10.6,,0.0,,,M,,M,0.0,,,,,M,,M
2008-04-04,2008,04,04,†,7.4,,5.7,,6.6,,11.4,,0.0,,,M,,M,6.2,,,,,M,,M
2008-04-05,2008,04,05,†,8.6,,5.8,,7.2,,10.8,,0.0,,,M,,M,0.8,,,,,M,,M
2008-04-06,2008,04,06,†,8.1,,5.2,,6.7,,11.3,,0.0,,,M,,M,15.2,,,,,M,,M
2008-04-07,2008,04,07,†,9.0,,3.6,,6.3,,11.7,,0.0,,,M,,M,27.6,,,,,M,,M
2008-04-08,2008,04,08,†,8.0,,4.7,,6.4,,11.6,,0.0,,,M,,M,4.6,,,,,M,,M
2008-04-09,2008,04,09,†,10.3,,3.4,,6.9,,11.1,,0.0,,,M,,M,0.0,,,,,M,,M
2008-04-10,2008,04,10,†,12.0,,5.4,,8.7,,9.3,,0.0,,,M,,M,,M,,,,M,,M
2008-04-11,2008,04,11,†,12.9,,7.1,,10.0,,8.0,,0.0,,,M,,M,0.0,,,,,M,,M
2008-04-12,2008,04,12,†,18.5,,5.1,,11.8,,6.2,,0.0,,,M,,M,0.0,,,,,M,,M
2008-04-13,2008,04,13,†,14.1,,8.6,,11.4,,6.6,,0.0,,,M,,M,1.6,,,,,M,,M
2008-04-14,2008,04,14,†,11.4,,5.0,,8.2,,9.8,,0.0,,,M,,M,0.6,,,,,M,,M
2008-04-15,2008,04,15,†,10.2,,5.8,,8.0,,10.0,,0.0,,,M,,M,0.0,,,,,M,,M
2008-04-16,2008,04,16,†,9.6,,6.7,,8.2,,9.8,,0.0,,,M,,M,0.0,,,,,M,,M
2008-04-17,2008,04,17,†,13.1,,6.8,,10.0,,8.0,,0.0,,,M,,M,0.0,,,,,M,,M
2008-04-18,2008,04,18,†,8.2,,1.2,,4.7,,13.3,,0.0,,,M,,M,8.0,,,,,M,,M
2008-04-19,2008,04,19,†,9.4,,1.4,,5.4,,12.6,,0.0,,,M,,M,3.2,,,,,M,,M
2008-04-20,2008,04,20,†,8.4,,1.8,,5.1,,12.9,,0.0,,,M,,M,0.0,,,,,M,,M
2008-04-21,2008,04,21,†,10.0,,3.5,,6.8,,11.2,,0.0,,,M,,M,0.0,,,,,M,,M
2008-04-22,2008,04,22,†,14.2,,3.2,,8.7,,9.3,,0.0,,,M,,M,0.0,,,,,M,,M
2008-04-23,2008,04,23,†,10.7,,6.0,,8.4,,9.6,,0.0,,,M,,M,0.0,,,,,M,,M
2008-04-24,2008,04,24,†,12.0,,7.4,,9.7,,8.3,,0.0,,,M,,M,0.0,,,,,M,,M
2008-04-25,2008,04,25,†,12.6,,4.4,,8.5,,9.5,,0.0,,,M,,M,0.0,,,,,M,,M
2008-04-26,2008,04,26,†,14.4,,4.4,,9.4,,8.6,,0.0,,,M,,M,0.0,,,,,M,,M
2008-04-27,2008,04,27,†,13.6,,9.9,,11.8,,6.2,,0.0,,,M,,M,1.8,,,,,M,,M
2008-04-28,2008,04,28,†,15.7,,6.8,,11.3,,6.7,,0.0,,,M,,M,22.6,,,,,M,,M
2008-04-29,2008,04,29,†,12.0,,6.0,,9.0,,9.0,,0.0,,,M,,M,0.2,,,,,M,,M
2008-04-30,2008,04,30,†,11.9,,2.9,,7.4,,10.6,,0.0,,,M,,M,0.0,,,,,M,,M
2008-05-01,2008,05,01,†,11.1,,5.4,,8.3,,9.7,,0.0,,,M,,M,1.8,,,,,M,,M
2008-05-02,2008,05,02,†,13.7,,6.8,,10.3,,7.7,,0.0,,,M,,M,0.8,,,,,M,,M
2008-05-03,2008,05,03,†,13.3,,7.8,,10.6,,7.4,,0.0,,,M,,M,6.0,,,,,M,,M
2008-05-04,2008,05,04,†,15.1,,6.5,,10.8,,7.2,,0.0,,,M,,M,0.0,,,,,M,,M
2008-05-05,2008,05,05,†,17.2,,7.4,,12.3,,5.7,,0.0,,,M,,M,0.0,,,,,M,,M
2008-05-06,2008,05,06,†,15.2,,7.3,,11.3,,6.7,,0.0,,,M,,M,0.0,,,,,M,,M
2008-05-07,2008,05,07,†,14.4,,8.5,,11.5,,6.5,,0.0,,,M,,M,0.0,,,,,M,,M
2008-05-08,2008,05,08,†,12.6,,8.1,,10.4,,7.6,,0.0,,,M,,M,0.0,,,,,M,,M
2008-05-09,2008,05,09,†,15.5,,5.7,,10.6,,7.4,,0.0,,,M,,M,0.0,,,,,M,,M
2008-05-10,2008,05,10,†,12.7,,9.2,,11.0,,7.0,,0.0,,,M,,M,2.0,,,,,M,,M
2008-05-11,2008,05,11,†,14.1,,8.7,,11.4,,6.6,,0.0,,,M,,M,1.6,,,,,M,,M
2008-05-12,2008,05,12,†,14.2,,7.9,,11.1,,6.9,,0.0,,,M,,M,0.0,,,,,M,,M
2008-05-13,2008,05,13,†,10.4,,8.3,,9.4,,8.6,,0.0,,,M,,M,15.0,,,,,M,,M
2008-05-14,2008,05,14,†,16.1,,8.8,,12.5,,5.5,,0.0,,,M,,M,7.0,,,,,M,,M
2008-05-15,2008,05,15,†,15.8,,11.5,,13.7,,4.3,,0.0,,,M,,M,0.0,,,,,M,,M
2008-05-16,2008,05,16,†,21.9,,9.5,,15.7,,2.3,,0.0,,,M,,M,0.0,,,,,M,,M
2008-05-17,2008,05,17,†,28.8,,11.7,,20.3,,0.0,,2.3,,,M,,M,0.0,,,,,M,,M
2008-05-18,2008,05,18,†,23.4,,13.3,,18.4,,0.0,,0.4,,,M,,M,0.0,,,,,M,,M
2008-05-19,2008,05,19,†,16.5,,13.4,,15.0,,3.0,,0.0,,,M,,M,2.8,,,,,M,,M
2008-05-20,2008,05,20,†,16.6,,11.1,,13.9,,4.1,,0.0,,,M,,M,,M,,,,M,,M
2008-05-21,2008,05,21,†,17.0,,9.6,,13.3,,4.7,,0.0,,,M,,M,0.0,,,,,M,,M
2008-05-22,2008,05,22,†,15.4,,10.0,,12.7,,5.3,,0.0,,,M,,M,0.0,,,,,M,,M
2008-05-23,2008,05,23,†,17.4,,7.8,,12.6,,5.4,,0.0,,,M,,M,0.0,,,,,M,,M
2008-05-24,2008,05,24,†,21.6,,11.3,,16.5,,1.5,,0.0,,,M,,M,0.0,,,,,M,,M
2008-05-25,2008,05,25,†,23.7,,13.8,,18.8,,0.0,,0.8,,,M,,M,0.0,,,,,M,,M
2008-05-26,2008,05,26,†,20.6,,13.2,,16.9,,1.1,,0.0,,,M,,M,0.0,,,,,M,,M
2008-05-27,2008,05,27,†,19.1,,13.1,,16.1,,1.9,,0.0,,,M,,M,0.0,,,,,M,,M
2008-05-28,2008,05,28,†,19.9,,11.6,,15.8,,2.2,,0.0,,,M,,M,0.0,,,,,M,,M
2008-05-29,2008,05,29,†,15.3,,11.6,,13.5,,4.5,,0.0,,,M,,M,0.0,,,,,M,,M
2008-05-30,2008,05,30,†,16.7,,10.8,,13.8,,4.2,,0.0,,,M,,M,0.0,,,,,M,,M
2008-05-31,2008,05,31,†,20.1,,8.2,,14.2,,3.8,,0.0,,,M,,M,0.0,,,,,M,,M
2008-06-01,2008,06,01,†,15.9,,12.2,,14.1,,3.9,,0.0,,,M,,M,0.0,,,,,M,,M
2008-06-02,2008,06,02,†,14.3,,10.3,,12.3,,5.7,,0.0,,,M,,M,0.0,,,,,M,,M
2008-06-03,2008,06,03,†,12.6,,9.8,,11.2,,6.8,,0.0,,,M,,M,25.2,,,,,M,,M
2008-06-04,2008,06,04,†,12.8,,10.2,,11.5,,6.5,,0.0,,,M,,M,0.0,,,,,M,,M
2008-06-05,2008,06,05,†,11.4,,9.1,,10.3,,7.7,,0.0,,,M,,M,11.0,,,,,M,,M
2008-06-06,2008,06,06,†,15.5,,8.4,,12.0,,6.0,,0.0,,,M,,M,3.4,,,,,M,,M
2008-06-07,2008,06,07,†,17.6,,10.4,,14.0,,4.0,,0.0,,,M,,M,0.0,,,,,M,,M
2008-06-08,2008,06,08,†,13.3,,8.9,,11.1,,6.9,,0.0,,,M,,M,4.0,,,,,M,,M
2008-06-09,2008,06,09,†,11.4,,8.1,,9.8,,8.2,,0.0,,,M,,M,14.2,,,,,M,,M
2008-06-10,2008,06,10,†,13.7,,7.2,,10.5,,7.5,,0.0,,,M,,M,0.0,,,,,M,,M
2008-06-11,2008,06,11,†,13.6,,9.6,,11.6,,6.4,,0.0,,,M,,M,0.8,,,,,M,,M
2008-06-12,2008,06,12,†,17.8,,11.0,,14.4,,3.6,,0.0,,,M,,M,0.0,,,,,M,,M
2008-06-13,2008,06,13,†,17.5,,12.0,,14.8,,3.2,,0.0,,,M,,M,0.0,,,,,M,,M
2008-06-14,2008,06,14,†,17.1,,10.6,,13.9,,4.1,,0.0,,,M,,M,0.0,,,,,M,,M
2008-06-15,2008,06,15,†,19.5,,10.2,,14.9,,3.1,,0.0,,,M,,M,0.0,,,,,M,,M
2008-06-16,2008,06,16,†,22.8,,11.2,,17.0,,1.0,,0.0,,,M,,M,0.0,,,,,M,,M
2008-06-17,2008,06,17,†,15.9,,10.8,,13.4,,4.6,,0.0,,,M,,M,0.4,,,,,M,,M
2008-06-18,2008,06,18,†,17.6,,11.2,,14.4,,3.6,,0.0,,,M,,M,0.0,,,,,M,,M
2008-06-19,2008,06,19,†,18.9,,10.4,,14.7,,3.3,,0.0,,,M,,M,0.0,,,,,M,,M
2008-06-20,2008,06,20,†,19.6,,12.3,,16.0,,2.0,,0.0,,,M,,M,0.0,,,,,M,,M
2008-06-21,2008,06,21,†,20.7,,12.9,,16.8,,1.2,,0.0,,,M,,M,0.0,,,,,M,,M
2008-06-22,2008,06,22,†,20.1,,12.8,,16.5,,1.5,,0.0,,,M,,M,0.0,,,,,M,,M
2008-06-23,2008,06,23,†,21.5,,10.9,,16.2,,1.8,,0.0,,,M,,M,0.0,,,,,M,,M
2008-06-24,2008,06,24,†,20.9,,13.1,,17.0,,1.0,,0.0,,,M,,M,0.0,,,,,M,,M
2008-06-25,2008,06,25,†,21.4,,10.8,,16.1,,1.9,,0.0,,,M,,M,0.0,,,,,M,,M
2008-06-26,2008,06,26,†,16.2,,12.1,,14.2,,3.8,,0.0,,,M,,M,0.0,,,,,M,,M
2008-06-27,2008,06,27,†,21.1,,11.7,,16.4,,1.6,,0.0,,,M,,M,0.0,,,,,M,,M
2008-06-28,2008,06,28,†,25.8,,13.7,,19.8,,0.0,,1.8,,,M,,M,0.0,,,,,M,,M
2008-06-29,2008,06,29,†,27.6,,16.3,,22.0,,0.0,,4.0,,,M,,M,0.0,,,,,M,,M
2008-06-30,2008,06,30,†,26.9,,18.3,,22.6,,0.0,,4.6,,,M,,M,1.6,,,,,M,,M
2008-07-01,2008,07,01,†,24.4,,17.1,,20.8,,0.0,,2.8,,,M,,M,0.0,,,,,M,,M
2008-07-02,2008,07,02,†,25.2,,15.5,,20.4,,0.0,,2.4,,,M,,M,0.0,,,,,M,,M
2008-07-03,2008,07,03,†,23.8,,17.3,,20.6,,0.0,,2.6,,,M,,M,0.2,,,,,M,,M
2008-07-04,2008,07,04,†,21.2,,15.7,,18.5,,0.0,,0.5,,,M,,M,0.0,,,,,M,,M
2008-07-05,2008,07,05,†,19.5,,14.8,,17.2,,0.8,,0.0,,,M,,M,2.6,,,,,M,,M
2008-07-06,2008,07,06,†,20.8,,13.5,,17.2,,0.8,,0.0,,,M,,M,0.0,,,,,M,,M
2008-07-07,2008,07,07,†,22.4,,12.7,,17.6,,0.4,,0.0,,,M,,M,0.0,,,,,M,,M
2008-07-08,2008,07,08,†,24.8,,13.9,,19.4,,0.0,,1.4,,,M,,M,0.0,,,,,M,,M
2008-07-09,2008,07,09,†,23.7,,14.8,,19.3,,0.0,,1.3,,,M,,M,0.0,,,,,M,,M
2008-07-10,2008,07,10,†,19.8,,14.1,,17.0,,1.0,,0.0,,,M,,M,0.0,,,,,M,,M
2008-07-11,2008,07,11,†,22.1,,12.7,,17.4,,0.6,,0.0,,,M,,M,0.0,,,,,M,,M
2008-07-12,2008,07,12,†,25.7,,14.0,,19.9,,0.0,,1.9,,,M,,M,0.0,,,,,M,,M
2008-07-13,2008,07,13,†,24.6,,14.3,,19.5,,0.0,,1.5,,,M,,M,0.0,,,,,M,,M
2008-07-14,2008,07,14,†,24.3,,14.9,,19.6,,0.0,,1.6,,,M,,M,0.0,,,,,M,,M
2008-07-15,2008,07,15,†,23.0,,14.4,,18.7,,0.0,,0.7,,,M,,M,0.0,,,,,M,,M
2008-07-16,2008,07,16,†,24.5,,14.3,,19.4,,0.0,,1.4,,,M,,M,0.0,,,,,M,,M
2008-07-17,2008,07,17,†,21.8,,13.5,,17.7,,0.3,,0.0,,,M,,M,,M,,,,M,,M
2008-07-18,2008,07,18,†,21.1,,14.3,,17.7,,0.3,,0.0,,,M,,M,0.0,,,,,M,,M
2008-07-19,2008,07,19,†,22.3,,13.3,,17.8,,0.2,,0.0,,,M,,M,0.0,,,,,M,,M
2008-07-20,2008,07,20,†,26.8,,14.8,,20.8,,0.0,,2.8,,,M,,M,0.0,,,,,M,,M
2008-07-21,2008,07,21,†,23.6,,15.1,,19.4,,0.0,,1.4,,,M,,M,0.0,,,,,M,,M
2008-07-22,2008,07,22,†,20.6,,15.1,,17.9,,0.1,,0.0,,,M,,M,0.0,,,,,M,,M
2008-07-23,2008,07,23,†,18.8,,14.4,,16.6,,1.4,,0.0,,,M,,M,0.0,,,,,M,,M
2008-07-24,2008,07,24,†,22.1,,14.9,,18.5,,0.0,,0.5,,,M,,M,0.0,,,,,M,,M
2008-07-25,2008,07,25,†,24.0,,14.5,,19.3,,0.0,,1.3,,,M,,M,0.0,,,,,M,,M
2008-07-26,2008,07,26,†,23.1,,16.1,,19.6,,0.0,,1.6,,,M,,M,0.0,,,,,M,,M
2008-07-27,2008,07,27,†,22.8,,15.3,,19.1,,0.0,,1.1,,,M,,M,0.8,,,,,M,,M
2008-07-28,2008,07,28,†,23.2,,13.1,,18.2,,0.0,,0.2,,,M,,M,0.0,,,,,M,,M
2008-07-29,2008,07,29,†,17.4,,13.3,,15.4,,2.6,,0.0,,,M,,M,20.0,,,,,M,,M
2008-07-30,2008,07,30,†,18.0,,11.9,,15.0,,3.0,,0.0,,,M,,M,0.4,,,,,M,,M
2008-07-31,2008,07,31,†,16.2,,12.4,,14.3,,3.7,,0.0,,,M,,M,2.8,,,,,M,,M
2008-08-01,2008,08,01,†,18.0,,12.1,,15.1,,2.9,,0.0,,,M,,M,11.2,,,,,M,,M
2008-08-02,2008,08,02,†,20.2,,13.3,,16.8,,1.2,,0.0,,,M,,M,0.0,,,,,M,,M
2008-08-03,2008,08,03,†,21.3,,11.6,,16.5,,1.5,,0.0,,,M,,M,0.0,,,,,M,,M
2008-08-04,2008,08,04,†,22.7,,12.5,,17.6,,0.4,,0.0,,,M,,M,0.0,,,,,M,,M
2008-08-05,2008,08,05,†,24.4,,12.7,,18.6,,0.0,,0.6,,,M,,M,0.0,,,,,M,,M
2008-08-06,2008,08,06,†,27.8,,14.0,,20.9,,0.0,,2.9,,,M,,M,0.0,,,,,M,,M
2008-08-07,2008,08,07,†,26.1,,16.3,,21.2,,0.0,,3.2,,,M,,M,0.0,,,,,M,,M
2008-08-08,2008,08,08,†,21.4,,15.9,,18.7,,0.0,,0.7,,,M,,M,0.0,,,,,M,,M
2008-08-09,2008,08,09,†,18.9,,14.8,,16.9,,1.1,,0.0,,,M,,M,3.8,,,,,M,,M
2008-08-10,2008,08,10,†,19.3,,14.2,,16.8,,1.2,,0.0,,,M,,M,0.2,,,,,M,,M
2008-08-11,2008,08,11,†,23.0,,13.5,,18.3,,0.0,,0.3,,,M,,M,0.0,,,,,M,,M
2008-08-12,2008,08,12,†,22.4,,14.3,,18.4,,0.0,,0.4,,,M,,M,0.0,,,,,M,,M
2008-08-13,2008,08,13,†,23.9,,16.7,,20.3,,0.0,,2.3,,,M,,M,0.0,,,,,M,,M
2008-08-14,2008,08,14,†,27.0,,16.2,,21.6,,0.0,,3.6,,,M,,M,0.0,,,,,M,,M
2008-08-15,2008,08,15,†,26.6,,17.7,,22.2,,0.0,,4.2,,,M,,M,0.0,,,,,M,,M
2008-08-16,2008,08,16,†,25.8,,16.1,,21.0,,0.0,,3.0,,,M,,M,0.0,,,,,M,,M
2008-08-17,2008,08,17,†,28.5,,16.7,,22.6,,0.0,,4.6,,,M,,M,0.0,,,,,M,,M
2008-08-18,2008,08,18,†,22.0,,15.5,,18.8,,0.0,,0.8,,,M,,M,1.0,,,,,M,,M
2008-08-19,2008,08,19,†,18.3,,14.8,,16.6,,1.4,,0.0,,,M,,M,10.6,,,,,M,,M
2008-08-20,2008,08,20,†,16.6,,14.0,,15.3,,2.7,,0.0,,,M,,M,10.8,,,,,M,,M
2008-08-21,2008,08,21,†,20.7,,13.0,,16.9,,1.1,,0.0,,,M,,M,6.0,,,,,M,,M
2008-08-22,2008,08,22,†,20.8,,13.7,,17.3,,0.7,,0.0,,,M,,M,0.0,,,,,M,,M
2008-08-23,2008,08,23,†,23.7,,15.6,,19.7,,0.0,,1.7,,,M,,M,0.0,,,,,M,,M
2008-08-24,2008,08,24,†,18.7,,14.8,,16.8,,1.2,,0.0,,,M,,M,19.2,,,,,M,,M
2008-08-25,2008,08,25,†,19.2,,12.1,,15.7,,2.3,,0.0,,,M,,M,0.0,,,,,M,,M
2008-08-26,2008,08,26,†,17.9,,11.0,,14.5,,3.5,,0.0,,,M,,M,17.0,,,,,M,,M
2008-08-27,2008,08,27,†,20.0,,10.9,,15.5,,2.5,,0.0,,,M,,M,7.8,,,,,M,,M
2008-08-28,2008,08,28,†,16.0,,13.2,,14.6,,3.4,,0.0,,,M,,M,20.6,,,,,M,,M
2008-08-29,2008,08,29,†,21.6,,14.2,,17.9,,0.1,,0.0,,,M,,M,1.0,,,,,M,,M
2008-08-30,2008,08,30,†,17.6,,10.9,,14.3,,3.7,,0.0,,,M,,M,0.0,,,,,M,,M
2008-08-31,2008,08,31,†,17.9,,10.3,,14.1,,3.9,,0.0,,,M,,M,0.0,,,,,M,,M
2008-09-01,2008,09,01,†,17.8,,11.9,,14.9,,3.1,,0.0,,,M,,M,0.0,,,,,M,,M
2008-09-02,2008,09,02,†,19.1,,11.2,,15.2,,2.8,,0.0,,,M,,M,0.2,,,,,M,,M
2008-09-03,2008,09,03,†,17.8,,10.0,,13.9,,4.1,,0.0,,,M,,M,0.0,,,,,M,,M
2008-09-04,2008,09,04,†,19.8,,10.5,,15.2,,2.8,,0.0,,,M,,M,,M,,,,M,,M
2008-09-05,2008,09,05,†,20.2,,13.2,,16.7,,1.3,,0.0,,,M,,M,0.0,,,,,M,,M
2008-09-06,2008,09,06,†,19.6,,14.9,,17.3,,0.7,,0.0,,,M,,M,0.0,,,,,M,,M
2008-09-07,2008,09,07,†,20.8,,12.6,,16.7,,1.3,,0.0,,,M,,M,0.0,,,,,M,,M
2008-09-08,2008,09,08,†,19.8,,11.6,,15.7,,2.3,,0.0,,,M,,M,0.0,,,,,M,,M
2008-09-09,2008,09,09,†,18.7,,12.5,,15.6,,2.4,,0.0,,,M,,M,0.0,,,,,M,,M
2008-09-10,2008,09,10,†,19.3,,10.7,,15.0,,3.0,,0.0,,,M,,M,0.0,,,,,M,,M
2008-09-11,2008,09,11,†,21.2,,10.7,,16.0,,2.0,,0.0,,,M,,M,0.0,,,,,M,,M
2008-09-12,2008,09,12,†,19.7,,11.5,,15.6,,2.4,,0.0,,,M,,M,0.0,,,,,M,,M
2008-09-13,2008,09,13,†,20.4,,11.4,,15.9,,2.1,,0.0,,,M,,M,0.0,,,,,M,,M
2008-09-14,2008,09,14,†,19.4,,10.8,,15.1,,2.9,,0.0,,,M,,M,0.0,,,,,M,,M
2008-09-15,2008,09,15,†,22.2,,10.9,,16.6,,1.4,,0.0,,,M,,M,0.0,,,,,M,,M
2008-09-16,2008,09,16,†,21.9,,10.6,,16.3,,1.7,,0.0,,,M,,M,0.0,,,,,M,,M
2008-09-17,2008,09,17,†,22.2,,11.6,,16.9,,1.1,,0.0,,,M,,M,0.0,,,,,M,,M
2008-09-18,2008,09,18,†,15.4,,13.1,,14.3,,3.7,,0.0,,,M,,M,0.0,,,,,M,,M
2008-09-19,2008,09,19,†,16.7,,13.7,,15.2,,2.8,,0.0,,,M,,M,0.0,,,,,M,,M
2008-09-20,2008,09,20,†,14.7,,12.5,,13.6,,4.4,,0.0,,,M,,M,5.8,,,,,M,,M
2008-09-21,2008,09,21,†,18.5,,12.5,,15.5,,2.5,,0.0,,,M,,M,2.6,,,,,M,,M
2008-09-22,2008,09,22,†,16.2,,10.9,,13.6,,4.4,,0.0,,,M,,M,0.0,,,,,M,,M
2008-09-23,2008,09,23,†,14.9,,8.8,,11.9,,6.1,,0.0,,,M,,M,0.0,,,,,M,,M
2008-09-24,2008,09,24,†,15.1,,11.7,,13.4,,4.6,,0.0,,,M,,M,6.4,,,,,M,,M
2008-09-25,2008,09,25,†,13.0,,12.2,,12.6,,5.4,,0.0,,,M,,M,11.0,,,,,M,,M
2008-09-26,2008,09,26,†,17.9,,12.2,,15.1,,2.9,,0.0,,,M,,M,0.2,,,,,M,,M
2008-09-27,2008,09,27,†,18.3,,11.9,,15.1,,2.9,,0.0,,,M,,M,0.0,,,,,M,,M
2008-09-28,2008,09,28,†,16.8,E,8.4,E,12.6,E,5.4,E,0.0,E,,M,,M,,M,,,,M,,M
2008-09-29,2008,09,29,†,19.6,,8.6,,14.1,,3.9,,0.0,,,M,,M,0.0,,,,,M,,M
2008-09-30,2008,09,30,†,20.5,,10.5,,15.5,,2.5,,0.0,,,M,,M,0.0,,,,,M,,M
2008-10-01,2008,10,01,†,22.0,,11.8,,16.9,,1.1,,0.0,,,M,,M,0.0,,,,,M,,M
2008-10-02,2008,10,02,†,16.1,,12.7,,14.4,,3.6,,0.0,,,M,,M,4.8,,,,,M,,M
2008-10-03,2008,10,03,†,16.5,,13.0,,14.8,,3.2,,0.0,,,M,,M,13.6,,,,,M,,M
2008-10-04,2008,10,04,†,17.7,,10.8,,14.3,,3.7,,0.0,,,M,,M,17.8,,,,,M,,M
2008-10-05,2008,10,05,†,14.7,,9.7,,12.2,,5.8,,0.0,,,M,,M,1.6,,,,,M,,M
2008-10-06,2008,10,06,†,12.9,,9.8,,11.4,,6.6,,0.0,,,M,,M,6.8,,,,,M,,M
2008-10-07,2008,10,07,†,15.5,,10.9,,13.2,,4.8,,0.0,,,M,,M,0.0,,,,,M,,M
2008-10-08,2008,10,08,†,12.2,,7.0,,9.6,,8.4,,0.0,,,M,,M,0.0,,,,,M,,M
2008-10-09,2008,10,09,†,10.0,,5.3,,7.7,,10.3,,0.0,,,M,,M,0.0,,,,,M,,M
2008-10-10,2008,10,10,†,12.9,,3.8,,8.4,,9.6,,0.0,,,M,,M,0.0,,,,,M,,M
2008-10-11,2008,10,11,†,11.5,,3.6,,7.6,,10.4,,0.0,,,M,,M,0.0,,,,,M,,M
2008-10-12,2008,10,12,†,14.9,,7.2,,11.1,,6.9,,0.0,,,M,,M,0.0,,,,,M,,M
2008-10-13,2008,10,13,†,11.3,,9.3,,10.3,,7.7,,0.0,,,M,,M,15.4,,,,,M,,M
2008-10-14,2008,10,14,†,12.3,,5.4,,8.9,,9.1,,0.0,,,M,,M,0.0,,,,,M,,M
2008-10-15,2008,10,15,†,11.4,,4.9,,8.2,,9.8,,0.0,,,M,,M,0.0,,,,,M,,M
2008-10-16,2008,10,16,†,11.3,,7.0,,9.2,,8.8,,0.0,,,M,,M,18.4,,,,,M,,M
2008-10-17,2008,10,17,†,12.7,,10.7,,11.7,,6.3,,0.0,,,M,,M,19.6,,,,,M,,M
2008-10-18,2008,10,18,†,12.3,,6.9,,9.6,,8.4,,0.0,,,M,,M,0.0,,,,,M,,M
2008-10-19,2008,10,19,†,11.9,,5.2,,8.6,,9.4,,0.0,,,M,,M,0.0,,,,,M,,M
2008-10-20,2008,10,20,†,13.8,,8.5,,11.2,,6.8,,0.0,,,M,,M,5.8,,,,,M,,M
2008-10-21,2008,10,21,†,12.3,,5.7,,9.0,,9.0,,0.0,,,M,,M,0.0,,,,,M,,M
2008-10-22,2008,10,22,†,13.7,,6.3,,10.0,,8.0,,0.0,,,M,,M,0.0,,,,,M,,M
2008-10-23,2008,10,23,†,11.7,,7.7,,9.7,,8.3,,0.0,,,M,,M,1.2,,,,,M,,M
2008-10-24,2008,10,24,†,10.3,,7.3,,8.8,,9.2,,0.0,,,M,,M,0.0,,,,,M,,M
2008-10-25,2008,10,25,†,11.3,,6.0,,8.7,,9.3,,0.0,,,M,,M,0.2,,,,,M,,M
2008-10-26,2008,10,26,†,11.9,,4.1,,8.0,,10.0,,0.0,,,M,,M,0.0,,,,,M,,M
2008-10-27,2008,10,27,†,14.0,,4.4,,9.2,,8.8,,0.0,,,M,,M,0.0,,,,,M,,M
2008-10-28,2008,10,28,†,16.1,,7.3,,11.7,,6.3,,0.0,,,M,,M,0.0,,,,,M,,M
2008-10-29,2008,10,29,†,12.3,,9.8,,11.1,,6.9,,0.0,,,M,,M,0.4,,,,,M,,M
2008-10-30,2008,10,30,†,13.1,,8.8,,11.0,,7.0,,0.0,,,M,,M,4.4,,,,,M,,M
2008-10-31,2008,10,31,†,14.4,,11.1,,12.8,,5.2,,0.0,,,M,,M,14.2,,,,,M,,M
2008-11-01,2008,11,01,†,14.3,,10.4,,12.4,,5.6,,0.0,,,M,,M,2.4,,,,,M,,M
2008-11-02,2008,11,02,†,14.0,,9.1,,11.6,,6.4,,0.0,,,M,,M,9.6,,,,,M,,M
2008-11-03,2008,11,03,†,9.1,,7.1,,8.1,,9.9,,0.0,,,M,,M,7.2,,,,,M,,M
2008-11-04,2008,11,04,†,9.9,,6.6,,8.3,,9.7,,0.0,,,M,,M,8.2,,,,,M,,M
2008-11-05,2008,11,05,†,9.9,,5.4,,7.7,,10.3,,0.0,,,M,,M,4.2,,,,,M,,M
2008-11-06,2008,11,06,†,10.3,,6.9,,8.6,,9.4,,0.0,,,M,,M,26.8,,,,,M,,M
2008-11-07,2008,11,07,†,12.1,,9.9,,11.0,,7.0,,0.0,,,M,,M,21.8,,,,,M,,M
2008-11-08,2008,11,08,†,13.3,,11.2,,12.3,,5.7,,0.0,,,M,,M,7.6,,,,,M,,M
2008-11-09,2008,11,09,†,13.5,,10.1,,11.8,,6.2,,0.0,,,M,,M,2.2,,,,,M,,M
2008-11-10,2008,11,10,†,13.1,,9.0,,11.1,,6.9,,0.0,,,M,,M,3.8,,,,,M,,M
2008-11-11,2008,11,11,†,9.9,,7.7,,8.8,,9.2,,0.0,,,M,,M,35.8,,,,,M,,M
2008-11-12,2008,11,12,†,12.9,,8.8,,10.9,,7.1,,0.0,,,M,,M,13.2,,,,,M,,M
2008-11-13,2008,11,13,†,10.2,,7.3,,8.8,,9.2,,0.0,,,M,,M,0.0,,,,,M,,M
2008-11-14,2008,11,14,†,9.8,,6.4,,8.1,,9.9,,0.0,,,M,,M,1.6,,,,,M,,M
2008-11-15,2008,11,15,†,11.5,,7.6,,9.6,,8.4,,0.0,,,M,,M,1.0,,,,,M,,M
2008-11-16,2008,11,16,†,12.0,,9.7,,10.9,,7.1,,0.0,,,M,,M,0.4,,,,,M,,M
2008-11-17,2008,11,17,†,11.5,,7.1,,9.3,,8.7,,0.0,,,M,,M,0.0,,,,,M,,M
2008-11-18,2008,11,18,†,10.8,,5.9,,8.4,,9.6,,0.0,,,M,,M,0.0,,,,,M,,M
2008-11-19,2008,11,19,†,11.2,,2.9,,7.1,,10.9,,0.0,,,M,,M,0.0,,,,,M,,M
2008-11-20,2008,11,20,†,9.5,,4.4,,7.0,,11.0,,0.0,,,M,,M,9.0,,,,,M,,M
2008-11-21,2008,11,21,†,9.4,,5.1,,7.3,,10.7,,0.0,,,M,,M,8.8,,,,,M,,M
2008-11-22,2008,11,22,†,9.5,,4.7,,7.1,,10.9,,0.0,,,M,,M,0.0,,,,,M,,M
2008-11-23,2008,11,23,†,8.5,,3.4,,6.0,,12.0,,0.0,,,M,,M,0.0,,,,,M,,M
2008-11-24,2008,11,24,†,9.2,,2.8,,6.0,,12.0,,0.0,,,M,,M,0.0,,,,,M,,M
2008-11-25,2008,11,25,†,8.8,,5.0,,6.9,,11.1,,0.0,,,M,,M,4.8,,,,,M,,M
2008-11-26,2008,11,26,†,6.6,,2.2,,4.4,,13.6,,0.0,,,M,,M,0.0,,,,,M,,M
2008-11-27,2008,11,27,†,8.3,,2.2,,5.3,,12.7,,0.0,,,M,,M,0.2,,,,,M,,M
2008-11-28,2008,11,28,†,7.9,,6.4,,7.2,,10.8,,0.0,,,M,,M,37.6,,,,,M,,M
2008-11-29,2008,11,29,†,9.4,,7.8,,8.6,,9.4,,0.0,,,M,,M,13.8,,,,,M,,M
2008-11-30,2008,11,30,†,11.1,,8.3,,9.7,,8.3,,0.0,,,M,,M,2.0,,,,,M,,M
2008-12-01,2008,12,01,†,10.5,,8.1,,9.3,,8.7,,0.0,,,M,,M,8.6,,,,,M,,M
2008-12-02,2008,12,02,†,9.8,,7.5,,8.7,,9.3,,0.0,,,M,,M,1.6,,,,,M,,M
2008-12-03,2008,12,03,†,9.2,,5.3,,7.3,,10.7,,0.0,,,M,,M,0.0,,,,,M,,M
2008-12-04,2008,12,04,†,6.2,,4.0,,5.1,,12.9,,0.0,,,M,,M,0.0,,,,,M,,M
2008-12-05,2008,12,05,†,7.8,,3.5,,5.7,,12.3,,0.0,,,M,,M,0.0,,,,,M,,M
2008-12-06,2008,12,06,†,8.1,,6.4,,7.3,,10.7,,0.0,,,M,,M,14.6,,,,,M,,M
2008-12-07,2008,12,07,†,8.3,,5.4,,6.9,,11.1,,0.0,,,M,,M,8.6,,,,,M,,M
2008-12-08,2008,12,08,†,7.5,,5.1,,6.3,,11.7,,0.0,,,M,,M,0.6,,,,,M,,M
2008-12-09,2008,12,09,†,6.6,,5.4,,6.0,,12.0,,0.0,,,M,,M,18.6,,,,,M,,M
2008-12-10,2008,12,10,†,7.7,,5.5,,6.6,,11.4,,0.0,,,M,,M,5.2,,,,,M,,M
2008-12-11,2008,12,11,†,7.6,,3.2,,5.4,,12.6,,0.0,,,M,,M,0.0,,,,,M,,M
2008-12-12,2008,12,12,†,5.2,,2.2,,3.7,,14.3,,0.0,,,M,,M,35.6,,,,,M,,M
2008-12-13,2008,12,13,†,5.5,,-1.0,,2.3,,15.7,,0.0,,,M,,M,0.2,,,,,M,,M
2008-12-14,2008,12,14,†,1.3,,-3.3,,-1.0,,19.0,,0.0,,,M,,M,3.2,,,,,M,,M
2008-12-15,2008,12,15,†,2.1,,-3.9,,-0.9,,18.9,,0.0,,,M,,M,0.0,,,,,M,,M
2008-12-16,2008,12,16,†,0.0,,-4.7,,-2.4,,20.4,,0.0,,,M,,M,0.0,,,,,M,,M
2008-12-17,2008,12,17,†,0.6,,-1.9,,-0.7,,18.7,,0.0,,,M,,M,1.6,,,,,M,,M
2008-12-18,2008,12,18,†,-0.8,,-3.9,,-2.4,,20.4,,0.0,,,M,,M,1.4,,,,,M,,M
2008-12-19,2008,12,19,†,-2.8,,-7.3,,-5.1,,23.1,,0.0,,,M,,M,0.0,,,,,M,,M
2008-12-20,2008,12,20,†,-4.0,,-9.0,,-6.5,,24.5,,0.0,,,M,,M,0.0,,,,,M,,M
2008-12-21,2008,12,21,†,-0.8,,-5.8,,-3.3,,21.3,,0.0,,,M,,M,0.0,,,,,M,,M
2008-12-22,2008,12,22,†,0.9,,-2.4,,-0.8,,18.8,,0.0,,,M,,M,2.0,,,,,M,,M
2008-12-23,2008,12,23,†,0.1,,-4.4,,-2.2,,20.2,,0.0,,,M,,M,0.8,,,,,M,,M
2008-12-24,2008,12,24,†,2.1,,-0.2,,1.0,,17.0,,0.0,,,M,,M,9.4,,,,,M,,M
2008-12-25,2008,12,25,†,2.8,,0.4,,1.6,,16.4,,0.0,,,M,,M,21.4,,,,,M,,M
2008-12-26,2008,12,26,†,2.1,,-0.2,,1.0,,17.0,,0.0,,,M,,M,14.0,,,,,M,,M
2008-12-27,2008,12,27,†,4.0,,1.9,,3.0,,15.0,,0.0,,,M,,M,20.0,,,,,M,,M
2008-12-28,2008,12,28,†,5.3,,2.8,,4.1,,13.9,,0.0,,,M,,M,0.4,,,,,M,,M
2008-12-29,2008,12,29,†,5.0,,1.3,,3.2,,14.8,,0.0,,,M,,M,13.2,,,,,M,,M
2008-12-30,2008,12,30,†,5.7,,1.3,,3.5,,14.5,,0.0,,,M,,M,1.4,,,,,M,,M
2008-12-31,2008,12,31,†,5.9,,1.4,,3.7,,14.3,,0.0,,,M,,M,10.0,,,,,M,,M
